Index;Country;Brown Ale;Pale Lager;Stout;Golden Ale/Blond Ale;Bitter;American Pale Ale;Irish Ale;Wheat Ale;English Strong Ale;Black IPA;India Pale Ale (IPA);American Strong Ale;Imperial IPA;Berliner Weisse;Sour/Wild Ale;Zwickel/Keller/Landbier;Saison;Session IPA;Imperial Stout;Foreign Stout;Porter;Spice/Herb/Vegetable;Pilsener;Belgian Ale;Dry Stout;Mild Ale;Premium Lager;Amber Ale;Baltic Porter;California Common;Imperial Porter;Dortmunder/Helles;Smoked;Abbey Tripel;Premium Bitter/ESB;Belgian Strong Ale;Bière de Garde;German Hefeweizen;English Pale Ale;Traditional Ale;Sweet Stout;Kölsch;Altbier;Sour Red/Brown;Fruit Beer;India Style Lager;Lambic Style - Fruit;Cider;Czech Pilsner (Světlý);Witbier;Cream Ale;Scotch Ale;Dunkel/Tmavý;Sahti/Gotlandsdricke/Koduõlu;Heller Bock;Amber Lager/Vienna;Doppelbock;Imperial Pils/Strong Pale Lager;Abbey Dubbel;Dunkelweizen;Specialty Grain;Oktoberfest/Märzen;Old Ale;Dunkler Bock;Malt Liquor;Radler/Shandy;Scottish Ale;Schwarzbier;Low Alcohol;Barley Wine;Weizen Bock;Grodziskie/Gose/Lichtenhainer;Polotmavý;Abt/Quadrupel;German Kristallweizen;Perry;Eisbock;Lambic Style - Gueuze;Lambic Style - Unblended;Lambic Style - Faro
0;Poland;3.2612;2.1575;3.4896;3.0664;3.1095;3.3397;3.1502;3.3543;3.2736;3.6385;3.4819;3.6688;3.6173;3.4048;3.5834;2.9522;3.4685;3.4277;3.7817;3.6179;3.4822;3.0052;2.8138;3.2528;3.3515;3.1357;2.493;3.2862;3.6536;3.243;3.763;2.92;3.5734;3.5151;3.1911;3.6113;3.2942;3.2459;3.0947;3.24;3.4639;3.0821;3.2193;3.7141;2.9786;3.4697;3.6552;2.7866;2.958;3.3157;2.9853;3.5116;2.9121;3.3181;2.933;2.807;3.3562;2.4458;3.3792;3.279;3.2977;2.8721;3.5781;3.1073;2.0379;2.2846;3.0534;3.106;2.7018;3.6587;3.4646;3.451;3.1341;3.8236;2.9117;2.4459;3.794;3.794;3.834;3.5133
1;Spain;3.2093;2.0474;3.4442;3.0031;3.0083;3.3841;2.9175;3.1253;3.2743;3.699;3.5322;3.691;3.7302;3.3414;3.558;3.0619;3.4475;3.4448;3.8735;3.6789;3.5244;2.9625;2.7831;3.242;3.302;3.2188;2.635;3.2067;3.6034;3.2653;3.8504;2.9744;3.5232;3.5862;3.2109;3.6344;3.122;3.219;2.8335;3.3274;3.5709;2.8656;3.2497;3.5798;2.9618;3.6101;3.4637;2.8413;2.9645;3.1376;3.2781;3.4838;2.9665;3.315;3.1038;2.8602;3.5588;2.6939;3.4284;3.2447;3.2611;2.9319;3.5382;3.3317;2.0404;1.8965;2.9967;2.9207;2.023;3.7053;3.7052;3.3741;3.0935;3.9122;3.1;2.19;3.7217;3.7681;3.7753;3.298
2;Germany;3.1884;2.1453;3.3309;3.0183;3.0182;3.2783;2.9861;3.1243;3.2862;3.5318;3.409;3.5775;3.598;3.1786;3.4677;3.0271;3.3486;3.2768;3.7389;3.455;3.3205;2.8879;2.827;3.1514;3.246;3.1459;2.5628;3.1269;3.409;3.1795;3.6343;2.8367;3.3483;3.3109;3.1828;3.3821;3.0865;3.0037;2.9617;3.104;3.3735;2.8974;3.1273;3.5055;2.6845;3.354;3.4276;2.6246;2.9437;3.0623;3.0662;3.2129;3.0263;3.3593;3.0931;2.8672;3.3208;2.4886;3.2942;3.0671;3.0122;2.9781;3.5129;3.1511;1.9976;1.9547;3.1938;2.9913;2.1493;3.5117;3.4285;3.3149;3.1013;3.7154;2.8654;2.2703;3.4642;3.6659;3.5438;3.2171
3;Belgium;3.284;2.1606;3.5126;3.1486;3.1246;3.5162;2.9414;3.3245;3.3749;3.7133;3.5853;3.7661;3.775;3.514;3.6587;3.1878;3.486;3.5874;3.889;3.6041;3.5216;3.1073;2.7277;3.2595;3.388;3.378;2.6442;3.3291;3.6792;3.2681;3.7362;2.8994;3.4945;3.3984;3.2215;3.4867;3.1388;3.1227;3.099;3.338;3.3857;3.0599;3.2702;3.6367;2.8362;3.6342;3.5004;3.062;2.9414;3.1112;3.1837;3.3933;2.9991;3.322;3.1112;2.866;3.4247;2.5486;3.3338;3.1847;3.2254;2.9789;3.6328;3.2031;2.0204;2.1385;3.3093;3.1237;2.1564;3.7464;3.5291;3.4862;2.9929;3.8344;3.038;2.525;3.6611;3.7773;3.7347;3.3701
4;United States, Connecticut;3.3511;2.1038;3.5556;3.1134;3.2671;3.4504;3.1803;3.043;3.4541;3.6147;3.5401;3.6522;3.7798;3.6312;3.8322;3.4069;3.7003;3.4877;3.8687;3.6145;3.5313;3.3027;3.1667;3.5342;3.4626;3.3182;2.8345;3.2215;3.7814;3.2575;3.7446;3.2335;3.5929;3.6835;3.3649;3.734;3.5704;3.3992;3.1872;3.5564;3.5832;3.1824;3.3538;3.8342;3.0846;3.6931;3.7288;3.0062;3.2041;3.3581;3.1474;3.5477;3.2977;3.8917;3.4092;2.9731;3.6571;2.9868;3.6243;3.506;3.3347;3.2824;3.6538;3.2924;1.7984;2.4571;3.335;3.3552;2.3269;3.7121;3.7252;3.597;2.96;3.9269;3.4118;1.2;3.8538;3.9549;3.8;3.0778
5;United States, Virginia;3.2544;1.9198;3.516;2.9012;3.0636;3.3209;3.0271;2.954;3.3474;3.5921;3.4907;3.6671;3.7465;3.529;3.7153;3.292;3.5624;3.4464;3.8824;3.6145;3.4403;3.2146;3.0075;3.4105;3.3256;3.2317;2.7037;3.1361;3.7393;3.1649;3.7819;2.9914;3.5516;3.5787;3.2114;3.656;3.3929;3.254;3.0479;3.4477;3.5239;3.0106;3.1983;3.7544;3.0059;3.4982;3.6374;2.9375;3.1205;3.2354;2.9675;3.5125;3.1322;3.3226;3.2182;2.8139;3.5081;3.1027;3.5111;3.2771;3.2256;3.0879;3.6409;3.1737;1.7483;2.6628;3.1967;3.2742;1.6463;3.6787;3.6389;3.5018;3.3125;3.878;3.2224;2.8286;3.8495;3.8501;3.8031;3.3946
6;United States, Washington;3.2612;1.9811;3.5163;2.9414;3.0656;3.3246;3.0729;3.0105;3.3676;3.5605;3.4947;3.6179;3.6833;3.4942;3.6858;3.3107;3.5571;3.4853;3.8204;3.5333;3.459;3.2274;2.9956;3.4;3.3723;3.2665;2.6941;3.2045;3.6626;3.2518;3.6888;3.0523;3.5301;3.5127;3.2355;3.5997;3.4136;3.2561;3.0798;3.5094;3.5254;3.0505;3.2792;3.7364;3.0902;3.49;3.699;3.0011;3.0606;3.2316;3.0535;3.4949;3.1467;3.4436;3.2174;2.8643;3.482;2.995;3.4872;3.3425;3.254;3.1676;3.6334;3.2349;2.0565;2.413;3.2404;3.2969;1.8863;3.659;3.5612;3.4864;3.1036;3.781;3.1706;2.7353;3.6684;3.8648;3.7248;3.5
7;United States, North Carolina;3.2773;1.907;3.502;2.9697;3.1394;3.3151;3.126;3.0489;3.4065;3.5745;3.4499;3.5759;3.6822;3.516;3.6986;3.2579;3.5739;3.3691;3.8219;3.6059;3.4573;3.2487;3.0715;3.411;3.3543;3.3058;2.7214;3.1795;3.7409;3.2288;3.7134;3.0388;3.5793;3.5747;3.2463;3.651;3.5047;3.2497;3.1198;3.4655;3.552;3.0549;3.2877;3.7215;3.1017;3.4037;3.6541;3.2286;3.2125;3.2511;3.0198;3.5411;3.1297;3.5833;3.2747;2.8804;3.5372;3.0047;3.515;3.3107;3.3541;3.1543;3.5954;3.2265;1.6609;2.5;3.251;3.3011;2.0642;3.6455;3.6207;3.5216;3.1632;3.8659;3.2556;2.6714;3.8314;3.9101;3.7847;3.4091
8;Denmark;3.0265;2.0134;3.2965;2.9388;2.9075;3.2606;2.8724;2.9218;3.0852;3.5817;3.3873;3.5637;3.6398;3.2547;3.5911;2.9428;3.4011;3.3634;3.8318;3.4776;3.3254;2.8364;2.6456;3.0746;3.2413;3.0183;2.5724;3.0133;3.4973;3.0147;3.7008;2.7811;3.259;3.3079;3.0154;3.3803;2.9992;2.8532;2.8352;2.9127;3.2973;2.8457;2.9873;3.5939;2.7548;3.3601;3.4953;2.5875;2.7916;2.8851;3.0069;3.3497;2.9094;3.0345;2.9152;2.5804;3.2295;2.4233;3.245;2.9576;2.9174;2.8528;3.4035;2.9935;2.0571;1.8286;3.0612;3.0186;1.8968;3.5472;3.2051;3.2549;2.9339;3.6753;2.7105;1.9778;3.3022;3.6961;3.5347;3.2045
9;Scotland;3.3713;2.3699;3.5166;3.2192;3.0832;3.4336;3.1836;3.2848;3.3058;3.6146;3.5305;3.6915;3.671;3.4725;3.5724;3.1204;3.4958;3.4306;3.8719;3.5909;3.5137;3.2963;2.9602;3.3348;3.4011;3.3442;2.9658;3.3554;3.5465;3.2265;3.7947;3.0523;3.4155;3.4701;3.1993;3.5941;3.2895;3.3667;3.1995;3.3596;3.6003;3.0718;3.2363;3.5948;3.2848;3.3876;3.6156;3.0633;2.9723;3.3022;3.2081;3.4887;3.2278;3.4469;3.125;3.0318;3.4618;2.873;3.4702;3.3815;3.328;3.0392;3.5262;3.1994;2.2935;2.7703;3.248;3.2721;2.8479;3.5719;3.6581;3.4615;3.0158;3.7629;3.1753;2.62;3.5343;3.6835;3.4134;3.0949
10;Sweden;3.1576;1.96;3.3522;3.0898;3.0729;3.2918;2.9512;3.0657;3.2498;3.528;3.4209;3.6127;3.6376;3.4209;3.6343;3.1448;3.488;3.2894;3.8301;3.4836;3.3741;2.9874;2.7869;3.2704;3.2532;3.1759;2.7642;3.1486;3.5215;3.1296;3.6819;2.8976;3.3615;3.4156;3.1903;3.5027;3.2299;3.109;3.0212;3.1955;3.3928;2.9946;3.1109;3.6754;2.9774;3.3731;3.714;2.9614;2.91;3.1392;3.0866;3.418;2.9842;3.2632;3.031;2.682;3.3551;2.4791;3.3797;3.1204;3.1197;2.9603;3.5461;3.0309;1.7116;1.9343;3.1819;3.0984;2.1105;3.6338;3.4471;3.3846;2.962;3.7355;2.9512;2.0282;3.3642;3.8436;3.7292;3.3888
11;Finland;3.1256;1.8814;3.3363;2.9908;3.0059;3.21;2.9219;3.0966;3.2732;3.5279;3.3892;3.5959;3.5712;3.2029;3.4642;2.9488;3.3646;3.1949;3.7766;3.5113;3.3846;2.8979;2.6455;3.1979;3.2659;3.1224;2.5195;3.1058;3.5139;2.9938;3.7069;2.7264;3.376;3.3885;3.125;3.4753;3.1064;3.0952;2.9278;3.1143;3.3794;2.784;3.0502;3.5654;2.8022;3.3176;3.4607;2.6264;2.7424;3.0786;2.9662;3.4025;2.9023;3.2763;2.9609;2.5816;3.3305;2.3638;3.3388;3.1641;3.0469;2.857;3.5178;3.1072;1.7851;1.6288;3.0963;2.9693;1.8993;3.5737;3.3869;3.2433;2.866;3.6948;2.9014;1.6888;3.4952;3.6677;3.6715;3.2961
12;Not Specified;3.3743;2.2004;3.5383;3.1103;3.1068;3.3979;3.2138;3.1494;3.3553;3.6847;3.5477;3.7121;3.8016;3.4284;3.6844;3.186;3.5734;3.4257;3.9336;3.5859;3.5413;3.2291;2.9409;3.3672;3.4941;3.2927;2.7556;3.2735;3.7007;3.2519;3.811;3.0563;3.5131;3.6433;3.26;3.6833;3.328;3.3746;3.0548;3.3859;3.6281;3.0438;3.2825;3.733;3.1274;3.4944;3.6898;3.1102;2.9862;3.3153;3.2188;3.5987;3.1399;3.4054;3.2878;3.0069;3.594;2.8048;3.5443;3.3273;3.2938;3.1696;3.6644;3.2885;2.1953;2.6125;3.2857;3.2564;2.305;3.7192;3.7456;3.4426;3.0664;4.049;3.1598;2.9118;3.8129;3.7824;3.837;3.3682
13;United States, Minnesota;3.3231;2.0714;3.5149;2.9348;3.0481;3.3248;3.0619;2.959;3.3944;3.6032;3.4899;3.6077;3.7046;3.5259;3.6994;3.4353;3.5528;3.4284;3.8396;3.6461;3.4524;3.2278;3.0163;3.4035;3.368;3.1536;2.7268;3.1473;3.6703;3.1178;3.7666;3.0931;3.5835;3.5761;3.2213;3.661;3.4357;3.2818;3.0908;3.4948;3.5282;3.0129;3.315;3.7381;3.1587;3.409;3.7078;3.122;3.1057;3.2464;2.9968;3.511;3.1241;3.4269;3.2205;2.9448;3.5194;2.9272;3.5793;3.3709;3.286;3.1912;3.6039;3.2529;1.7609;2.6911;3.1595;3.3358;1.596;3.6992;3.725;3.4706;3.15;3.9155;3.131;2.965;3.7591;3.8512;3.7344;3.4609
14;Ireland;3.3511;2.1325;3.4982;3.0235;2.9094;3.3978;3.1372;3.225;3.3801;3.6571;3.5153;3.6294;3.8037;3.4212;3.6078;3.1875;3.5673;3.4437;3.9256;3.6766;3.4769;3.2637;2.6894;3.4217;3.4196;3.1103;2.6615;3.2651;3.5488;3.1094;3.8514;2.9288;3.5767;3.6452;3.1237;3.7024;3.3778;3.3761;2.9981;3.3774;3.5842;2.9367;3.1172;3.6759;3.0488;3.6654;3.6663;2.675;2.9187;3.3126;2.9381;3.4412;3.1538;3.15;2.9515;2.9202;3.3944;2.6407;3.547;3.3982;3.3697;3.0855;3.5462;3.2767;1.6571;2.3941;3.055;3.1396;2.3814;3.6531;3.8409;3.5723;3.2;4.0515;3.0829;1.8167;3.625;3.7671;3.7706;3.2417
15;Northern Ireland;3.2892;2.6142;3.5934;3.2558;3.1269;3.4473;3.0925;3.4266;3.311;3.6872;3.5523;3.4808;3.6885;3.4855;3.5331;2.9846;3.5913;3.5365;3.8066;3.6357;3.5389;3.3404;3.2966;3.4667;3.4451;3.1932;3.1568;3.2165;3.6391;3.1583;3.7364;3;3.5556;3.5171;3.2085;3.5475;3.525;3.43;3.075;3.3824;3.4898;3.1062;3.1667;3.6814;3.1957;3.6524;3.7906;3.3667;3.312;3.3255;2.9;3.337;3.2409;3.35;3.475;3.1105;3.14;3.0857;3.4556;3.1579;3.2976;3.1125;3.6959;2.6333;2.8;2.7;3.15;3.2227;3.3071;3.4419;3.66;3.5265;2.98;3.7458;3.5333;3.55;3.9;3.7773;3.4118;3.0833
16;New Zealand;3.2912;2.0772;3.4455;3.059;3.0869;3.3903;2.9172;2.9866;3.4202;3.6911;3.5555;3.729;3.7846;3.3889;3.6571;2.9993;3.5415;3.4124;3.8624;3.5257;3.3463;3.1038;2.9399;3.3519;3.3461;3.0814;2.5316;3.2788;3.5829;3.1356;3.8981;2.7071;3.5733;3.4977;3.2004;3.5807;3.4216;2.9985;3.2374;3.3709;3.5363;2.8375;3.1309;3.6785;2.9564;3.3964;3.2329;2.9245;3.0575;3.138;3.1515;3.5113;2.9742;3.4167;3.0017;2.3992;3.1979;2.7111;3.4807;3.1125;3.2232;2.7692;3.515;3.0535;1.9;2.0378;3.3286;3.0863;2.2434;3.7431;3.5128;3.5521;3.0727;3.8419;3.1419;2.7136;3.7846;3.4827;3.4273;3.2556
17;Estonia;3.0244;1.9943;3.3174;2.9589;3.0297;3.0317;2.7488;2.9551;3.2436;3.468;3.2364;3.4457;3.4445;2.892;3.205;2.7459;3.1519;3.0975;3.628;3.3821;3.3394;2.8584;2.4266;3.0823;3.1786;3.1934;2.39;2.9889;3.3295;2.8118;3.5685;2.4863;3.267;3.3404;3.0863;3.3594;2.9119;2.968;2.8858;2.9968;3.2011;2.7237;3.0187;3.4032;2.6614;3.2109;3.3917;2.4098;2.6063;2.9695;2.7351;3.2616;2.7985;3.0791;2.9342;2.4941;3.2794;2.3363;3.2801;3.0734;3.0651;2.7067;3.4935;3.004;1.9606;1.7083;3.1;2.907;2.2268;3.435;3.4156;3.0197;2.7612;3.5221;2.8836;1.727;3.363;3.5163;3.6016;3.2451
18;England;3.2681;2.1806;3.4066;3.1423;3.0193;3.407;3.0314;3.1596;3.3008;3.5788;3.5368;3.6576;3.7442;3.4475;3.5781;3.1643;3.5004;3.4259;3.7873;3.5283;3.4061;3.097;2.8923;3.2891;3.3184;3.2056;2.7555;3.2955;3.5402;3.149;3.7228;2.9954;3.4823;3.4735;3.1392;3.5583;3.1674;3.2553;3.093;3.2054;3.4314;3.0482;3.1627;3.6218;2.9979;3.4841;3.4861;2.8672;2.9108;3.1778;3.1861;3.4116;3.1321;3.377;3.1186;2.9417;3.4541;2.629;3.4398;3.2603;3.2587;3.0966;3.4291;3.1844;2.2745;2.3817;3.2027;3.1727;2.2552;3.5568;3.5819;3.4484;3.1118;3.8089;3.1565;2.4492;3.5919;3.7518;3.6197;3.2045
19;Netherlands;3.2759;2.2489;3.4679;3.1075;3.0116;3.4045;2.9902;3.2418;3.3058;3.6548;3.5022;3.7134;3.7008;3.3047;3.5136;3.0921;3.3797;3.4899;3.8737;3.4809;3.4692;2.9986;2.7183;3.1552;3.3722;3.2183;2.679;3.2203;3.6405;3.2103;3.7421;2.8452;3.4484;3.3248;3.1872;3.4191;3.0949;3.1021;3.0517;3.22;3.4339;2.961;3.1233;3.4986;2.856;3.4641;3.4102;2.8072;2.9432;3.0514;3.2952;3.3554;3.023;3.3402;3.0596;2.8933;3.3811;2.5793;3.2777;3.1427;3.1605;2.9405;3.578;3.1513;2.1318;2.1909;3.2813;3.1417;2.2213;3.65;3.4623;3.2766;2.8939;3.7352;3.1018;2.5818;3.486;3.6249;3.5969;3.1613
20;Israel;3.0458;1.9153;3.2556;2.7817;2.8804;3.1726;2.7122;2.913;3.0661;3.3604;3.2318;3.3777;3.2902;3.4719;3.6005;2.7751;3.3218;3.3368;3.7038;3.266;3.2606;2.7199;2.5973;2.9343;3.1687;3.0792;2.2531;2.819;3.2638;2.8125;3.5849;2.6233;3.3873;3.0586;3.029;3.1797;2.9169;2.9776;2.8294;2.8731;3.322;2.7781;3.0824;3.5604;2.7082;3.3377;3.6476;2.7506;2.6092;2.996;2.9354;3.1049;2.7857;3.3633;2.6912;2.5854;3.1213;2.0712;3.1303;3.0683;2.7651;2.6651;3.3843;2.8319;1.5667;1.993;2.9205;2.9425;2.0356;3.3;3.2596;3.3966;2.6146;3.3364;2.8348;1.6222;3.295;3.7683;3.6283;3.292
21;Czech Republic;3.1525;2.0696;3.412;3.0335;2.8451;3.3642;2.85;2.9791;3.201;3.6471;3.498;3.6965;3.7152;3.2794;3.5022;3.1302;3.5052;3.3376;3.8559;3.5959;3.4071;3.0126;2.724;3.2788;3.3651;2.9125;2.5661;3.1834;3.4293;3.1897;3.8041;2.7398;3.4893;3.4757;3.1509;3.5344;3.2723;3.1821;3.0195;3.3069;3.3653;2.7037;3.1829;3.6586;2.8059;3.4622;3.5504;2.6371;3.0297;3.2551;2.1909;3.3;3.1276;3.29;3.0697;2.8687;3.3419;2.6763;3.4091;3.2198;3.2044;2.843;3.47;3.2367;1.9571;2.0571;3.2174;3.0309;1.9866;3.6283;3.6137;3.5319;3.1518;3.8915;2.9951;2.3;3.7321;3.8139;3.7321;3.2467
22;Singapore;3.3438;2.3246;3.55;3.0865;3.1625;3.5883;3.2;3.2708;3.5;3.7773;3.7071;3.7364;3.8508;3.65;3.7042;2.96;3.6815;3.5345;3.9603;3.2;3.624;3.296;3.3071;3.46;2.925;3.55;3.0533;3.58;4;2.9;3.87;3.7667;3.6125;3.7923;3.2583;3.45;2.95;3.5833;3.3625;3.725;3.4133;3.24;2.65;3.5714;3.2161;3.6;3.725;3.1833;3.4818;3.236;3.675;3.2333;3.48;3.9;1.8;2.875;3.9667;2.6615;3.6625;3.0909;3.56;3.8;2.6;;1.575;2.95;3.75;3.1;2.525;3.7375;4.1857;3.6538;;3.8846;3.4;;;4.0429;4.05;
23;United States, Wisconsin;3.2597;2.062;3.515;2.8149;3.1406;3.3161;3.0609;2.9582;3.3394;3.597;3.5107;3.6233;3.7195;3.5395;3.7181;3.4391;3.5837;3.4975;3.8512;3.5975;3.4378;3.2516;2.9997;3.4647;3.3529;3.1568;2.7519;3.1436;3.6482;3.185;3.8147;3.1479;3.5915;3.5685;3.2314;3.6982;3.4456;3.3062;3.0381;3.4849;3.5047;3.027;3.2971;3.8126;3.0843;3.4966;3.6845;2.749;3.1489;3.2444;3.0572;3.5341;3.2354;3.4138;3.2916;2.9991;3.5015;2.8761;3.5833;3.3953;3.2741;3.1629;3.6026;3.277;1.8052;2.6964;3.2254;3.3598;1.624;3.6855;3.729;3.51;3.1385;3.8907;3.2119;2.4833;3.8543;3.9;3.8476;3.3162
24;United States, Alabama;3.2519;1.935;3.4597;2.8576;2.9792;3.2559;3.0254;2.9528;3.345;3.5425;3.4346;3.6658;3.7052;3.3686;3.6099;3.0481;3.4942;3.3212;3.8664;3.5255;3.4169;3.0896;2.8447;3.336;3.3269;3.086;2.5604;3.1301;3.5738;3.0286;3.7778;3.011;3.3996;3.5814;3.2201;3.6481;3.3221;3.2624;2.9993;3.2913;3.5449;3.0459;3.2304;3.7973;2.9455;3.3956;3.4944;2.9389;2.974;3.1624;2.9695;3.5424;3.0367;3.09;3.1892;2.7249;3.4732;2.5291;3.5379;3.2767;3.1556;3.0425;3.6619;3.1859;1.9406;2.5254;3.2847;3.2121;1.6929;3.6827;3.6696;3.3895;3.5;3.9642;2.9645;3.12;3.7029;3.7542;3.773;3.0036
25;France;3.23;2.0297;3.5373;2.9895;3.024;3.3836;2.9752;3.2653;3.2604;3.6969;3.4696;3.672;3.7224;3.1935;3.5663;2.9897;3.4869;3.4632;3.869;3.7067;3.5098;2.8572;2.672;3.1828;3.3702;3.3207;2.4152;3.1274;3.6664;3.225;3.839;2.7424;3.5086;3.4489;3.1708;3.5108;3.0709;3.0555;3.0853;3.1841;3.4867;2.9148;3.2863;3.543;2.5847;3.5845;3.2997;2.4459;2.8602;2.8904;3.5778;3.3738;3.0089;3.1125;3.0451;2.89;3.4672;2.356;3.3892;3.1588;3.0721;2.9076;3.6833;3.189;2.0541;1.9459;3.2576;3.1239;2.1411;3.7472;3.5799;3.3419;3.2722;3.9679;2.9474;1.76;3.6225;3.4702;3.492;3.1289
26;Austria;3.4558;2.2304;3.5019;3.2165;3.13;3.4422;3.2109;3.408;3.5062;3.6903;3.5437;3.7062;3.7348;3.5139;3.7027;3.0856;3.6115;3.465;3.8602;3.5923;3.5105;3.2194;3.0086;3.4507;3.4284;3.1154;2.7535;3.3321;3.6491;3.2185;3.8;2.8958;3.5183;3.5394;3.2606;3.6076;3.3786;3.2097;3.2587;3.4159;3.6772;3.122;3.2319;3.6763;3.2289;3.4598;3.5784;3.0333;2.89;3.2533;3.21;3.5891;3.0668;3.55;3.1033;3.1047;3.4856;3.0346;3.6013;3.2713;3.2076;2.9854;3.6735;3.2906;2.7417;2.2527;3.5375;3.1382;2.338;3.7724;3.6028;3.5162;3.0368;3.8984;2.9852;3;3.6846;3.7469;3.6545;3.275
27;Norway;3.1092;1.973;3.3346;2.8994;2.8806;3.2134;2.8563;3.0132;3.205;3.5476;3.3886;3.6176;3.5985;3.1763;3.5072;2.8655;3.3611;3.1543;3.8184;3.4612;3.3335;3.0529;2.4593;3.1819;3.2011;2.9908;2.5329;3.1073;3.4852;2.9898;3.7179;2.6374;3.3099;3.4003;3.0559;3.4599;3.1664;2.9609;2.8284;3.1329;3.317;2.8573;3.0871;3.5703;2.8823;3.2826;3.4642;2.4627;2.8248;3.0024;2.8335;3.3157;2.8379;3.1752;2.958;2.5823;3.3435;2.5176;3.3611;3.0384;2.9356;2.7915;3.5054;3.0397;1.9768;1.7028;3.139;3.0115;1.8729;3.5963;3.339;3.2643;2.9648;3.7351;2.645;1.479;3.5089;3.6459;3.5544;3.3584
28;Italy;3.3794;2.0918;3.49;3.2553;3.2256;3.4617;2.8923;3.2985;3.2455;3.6621;3.5538;3.674;3.7579;3.4712;3.7402;3.3257;3.5824;3.5371;3.9187;3.6456;3.579;3.2221;2.9798;3.372;3.3544;3.3643;2.6006;3.3159;3.5763;3.2496;3.85;2.9409;3.6198;3.5821;3.2513;3.6462;3.2524;3.1735;3.1794;3.582;3.555;3.2875;3.2295;3.8011;3.1462;3.564;3.7625;3.1185;3.1378;3.2193;3.3339;3.4327;3.1107;3.3684;3.1121;2.9695;3.4135;2.6057;3.52;3.2943;3.1015;3.0559;3.6456;3.0636;2.1425;1.9832;3.2306;3.211;2.1729;3.7847;3.6698;3.5096;3.1641;4.0988;2.9583;1.7;3.8263;3.9096;3.8123;3.4643
29;Canada;3.1643;2.0271;3.4248;2.8472;3.0734;3.3296;2.9791;3.0019;3.3305;3.5954;3.4713;3.5599;3.6359;3.4627;3.619;3.331;3.5419;3.3903;3.7888;3.4688;3.3726;3.1133;2.9168;3.3334;3.3011;3.1241;2.6668;3.0093;3.6426;3.1777;3.6752;2.9306;3.4507;3.5395;3.2188;3.5784;3.2735;3.221;3.0107;3.3577;3.4307;3.0254;3.2558;3.6446;2.9318;3.481;3.5294;2.8325;3.1104;3.1274;2.8745;3.4202;3.0727;3.3363;3.1232;2.7409;3.4225;2.6927;3.4781;3.212;3.2119;3.1185;3.5236;3.1299;1.7311;2.4862;3.0919;3.2021;1.9527;3.5931;3.6053;3.4355;3.2;3.8492;3.0163;2.6128;3.5821;3.7209;3.6678;3.2295
30;Switzerland;3.3356;2.249;3.4797;3.0103;3.0936;3.4641;3.2318;3.2349;3.4337;3.7058;3.5374;3.647;3.7682;3.306;3.7152;3.12;3.5637;3.4442;3.9104;3.6465;3.5059;3.0857;2.8765;3.2646;3.4578;3.231;2.7157;3.1088;3.637;3.3047;3.7605;2.8703;3.4301;3.5191;3.3777;3.5992;3.1469;3.1171;3.0958;3.4434;3.5374;3.1781;3.2322;3.685;2.9517;3.53;3.4908;3.2545;3.0224;3.1531;3.068;3.5053;3.0068;3.3208;3.1377;2.9274;3.417;2.4354;3.4239;3.1408;3.0749;2.9908;3.6556;3.1956;2.2319;1.8175;3.2563;3.1844;2.0306;3.6835;3.4355;3.3383;2.9935;3.8466;3.0304;2.5;3.7364;3.7019;3.6625;3.2303
31;Australia;3.2972;2.0431;3.4275;2.98;2.9355;3.2646;2.9449;2.9183;3.3222;3.7202;3.5388;3.6998;3.7461;3.3345;3.5318;3.1611;3.5336;3.3784;3.8666;3.4327;3.4025;2.9815;2.8035;3.254;3.2553;2.9927;2.5095;3.2486;3.6429;3.1731;3.7757;2.865;3.442;3.5501;3.1558;3.5997;3.3449;3.1456;2.986;3.3504;3.4523;2.8871;3.213;3.6265;2.829;3.427;3.4291;2.6386;2.9179;3.0375;2.925;3.4892;3.0958;3.65;3.1129;2.7178;3.5148;2.6443;3.434;3.2848;3.1387;3.0762;3.4298;3.11;1.8507;1.9792;3.3833;3.1675;1.8609;3.6687;3.5872;3.3673;3.181;3.9589;3.0207;2.2984;3.7988;3.7377;3.7468;3.2159
32;United States, New York;3.2857;2.0048;3.5334;2.944;3.0906;3.3924;3.1051;3.0276;3.3738;3.6363;3.5196;3.6315;3.7499;3.6377;3.7611;3.2851;3.6333;3.5017;3.8474;3.6228;3.4732;3.2504;3.0303;3.4591;3.3703;3.24;2.6859;3.2163;3.7138;3.2287;3.7412;3.1106;3.5682;3.6121;3.2569;3.6833;3.4593;3.3317;3.0756;3.5209;3.5493;3.1054;3.2952;3.7971;3.0825;3.5624;3.7317;3.1369;3.1547;3.2948;3.1525;3.4773;3.1526;3.6028;3.2811;2.92;3.5286;2.9422;3.6214;3.4084;3.2817;3.1768;3.5968;3.2847;1.8736;2.7493;3.1832;3.3369;1.8795;3.6282;3.6702;3.6236;3.1465;3.9173;3.2045;2.4045;3.7881;3.8886;3.7938;3.3959
33;Malaysia;3.3381;2.3072;3.4256;3.2656;3.2153;3.3926;3.1265;3.263;3.413;3.5326;3.4394;3.5717;3.5576;3.3441;3.4626;3.0538;3.3799;3.4056;3.7201;3.3583;3.4554;3.2859;3.0198;3.2318;3.3533;3.2589;3.0079;3.3419;3.4723;3.36;3.6304;3;3.4169;3.3407;3.3014;3.3379;3.0095;3.0976;3.204;3.151;3.5137;3.1462;3.325;3.5415;3.1787;3.425;3.4625;2.7522;3.0667;3.1037;3.35;3.4857;3.1708;3.32;3.1179;3.063;3.3256;2.6452;3.2909;3.0857;3.2877;3.1;3.4659;3.1952;2.1852;1.7933;3.4;3.2611;2.4909;3.5737;3.4;3.3424;3.3;3.478;2.8;2.7;3.5125;3.5905;3.5143;3.25
34;United States, Texas;3.2323;1.955;3.5026;2.906;3.0135;3.26;3.0514;2.9349;3.3955;3.5496;3.452;3.5892;3.7047;3.5469;3.7001;3.079;3.5334;3.4418;3.8444;3.5612;3.435;3.1981;2.9256;3.2886;3.3149;3.1524;2.5881;3.0607;3.6349;3.1034;3.7375;2.8757;3.5198;3.5034;3.2022;3.5753;3.3535;3.2234;3.0359;3.479;3.5344;2.9656;3.2045;3.7069;2.9923;3.3497;3.6103;2.8697;2.98;3.2087;2.9216;3.5044;3.0721;3.3436;3.0939;2.8264;3.4523;2.9335;3.4914;3.2871;3.1067;3.0917;3.5738;3.1087;1.782;2.6703;3.1203;3.1807;1.9021;3.6409;3.6053;3.5236;3.2105;3.8218;3.0854;2.4172;3.6145;3.8172;3.7455;3.2746
35;United States, Oregon;3.3197;1.9947;3.6488;2.9817;3.061;3.3355;3.1523;2.9935;3.4421;3.6496;3.5354;3.7226;3.767;3.678;3.7914;3.3529;3.6447;3.3884;3.9111;3.6721;3.5187;3.2675;3.126;3.4471;3.4713;3.4238;2.8269;3.2597;3.7772;3.3067;3.8267;3.1849;3.6073;3.5976;3.2767;3.7123;3.5413;3.3373;3.1705;3.7262;3.6562;3.1758;3.3957;3.8135;3.0935;3.5299;3.67;3.008;3.199;3.269;3.1743;3.5517;3.1946;3.7231;3.3744;2.9333;3.6053;3.1779;3.5611;3.3808;3.3361;3.2383;3.6467;3.3952;1.8539;2.6438;3.3859;3.3586;1.8977;3.7776;3.6654;3.486;3.19;3.873;3.35;2.7222;3.7297;3.9428;3.7889;3.4719
36;Belarus;3.2357;2.1381;3.3497;3.0011;2.9449;3.345;2.8429;3.18;3.4442;3.5727;3.4819;3.7379;3.7516;3.4256;3.575;2.7246;3.4396;3.3;4.0031;3.6065;3.4795;2.8716;2.8555;3.2789;3.1146;3.0333;2.5269;3.162;3.5156;3.1;3.9132;2.8936;3.5486;3.6093;3.2696;3.8132;3.1154;3.0879;2.8783;2.8652;3.4548;2.8476;3.2083;3.59;2.6966;3.3286;3.5238;2.6;2.8889;2.9377;3.1333;3.5346;2.8248;3.1286;3.1297;2.6574;3.5595;2.4533;3.5225;3.3128;3.1818;2.9396;3.7909;3.1324;2.0077;2.1571;3.07;2.7722;2.223;3.9525;3.781;3.3378;2.831;4.0517;3.3227;;3.93;3.8667;3.85;3.14
37;United States, Georgia;3.313;2.0755;3.5785;2.8745;3.1266;3.2931;3.1023;2.9767;3.3621;3.6951;3.5083;3.6509;3.7686;3.5517;3.7405;3.3319;3.5836;3.4544;3.888;3.5983;3.4733;3.2761;2.9567;3.4378;3.3601;3.2293;2.6636;3.1494;3.7234;3.1952;3.7447;3.0049;3.5856;3.6236;3.2891;3.6826;3.3967;3.3237;3.0371;3.4378;3.5635;3.0406;3.1703;3.8109;3.037;3.4866;3.6073;2.9765;3.1197;3.2877;2.8559;3.5558;3.147;3.4667;3.2741;2.8663;3.5087;3.1609;3.617;3.3664;3.2947;3.2045;3.6407;3.1929;2.0688;2.717;3.1878;3.2784;1.7545;3.6915;3.6458;3.5666;3.1125;3.9486;3.2376;2.55;3.7358;3.7627;3.7058;3.2812
38;United States, Michigan;3.3359;1.9644;3.5067;2.9531;3.0825;3.3478;3.0413;3.0366;3.4168;3.6599;3.5166;3.6629;3.7314;3.6191;3.7659;3.2959;3.6217;3.4463;3.8932;3.5878;3.4594;3.2637;3.0219;3.4794;3.3849;3.0729;2.6657;3.1625;3.6779;3.1762;3.7754;3.1541;3.5646;3.5976;3.2521;3.6851;3.5134;3.3436;3.021;3.4951;3.5574;3.0329;3.2554;3.7974;3.1225;3.5108;3.7392;3.1697;3.111;3.288;3.0044;3.5519;3.1461;3.3853;3.2576;2.9046;3.5356;2.9351;3.5701;3.3797;3.3171;3.1552;3.5592;3.2172;1.9429;2.8351;3.2279;3.2526;1.8483;3.7044;3.7282;3.6493;3.2636;3.8965;3.4048;2.8;3.7276;3.8918;3.7091;3.33
39;United States, Ohio;3.3344;2.0196;3.5574;3.0018;3.1442;3.3723;3.1389;3.0427;3.414;3.6466;3.521;3.6897;3.7543;3.6053;3.7623;3.357;3.6154;3.4598;3.9101;3.6546;3.5158;3.3339;3.027;3.4777;3.3958;3.2682;2.7494;3.2151;3.7166;3.2109;3.7867;3.1573;3.5486;3.6016;3.2882;3.6984;3.4586;3.2867;3.1585;3.5131;3.5763;3.1179;3.3392;3.7859;3.1225;3.5262;3.7259;3.0769;3.0779;3.3049;3.059;3.6151;3.1807;3.4796;3.2546;2.9282;3.5373;3.0098;3.5905;3.3501;3.3475;3.1904;3.6695;3.2419;1.8565;2.9118;3.2732;3.315;1.7463;3.6992;3.6439;3.5662;3.2265;3.9051;3.2379;2.6476;3.7672;3.9222;3.7219;3.2194
40;United States, Maryland;3.2796;1.975;3.5189;2.9407;3.1106;3.3238;3.0536;2.9789;3.3487;3.5909;3.4788;3.5983;3.6995;3.4103;3.5559;3.3163;3.5252;3.4393;3.7976;3.6121;3.465;3.2912;3.0577;3.418;3.3582;3.2624;2.7526;3.1612;3.6637;3.2012;3.7557;3.0956;3.594;3.5606;3.2266;3.6268;3.4452;3.2698;3.0983;3.445;3.5391;3.0936;3.2285;3.655;3.0081;3.498;3.6873;3.0909;3.125;3.2602;3.1096;3.5114;3.1732;3.5174;3.2769;2.9353;3.5384;3.0021;3.5154;3.3387;3.3119;3.177;3.5889;3.2765;1.8581;2.4798;3.1861;3.3049;1.8008;3.6386;3.6472;3.4527;3.1938;3.853;3.2618;2.7;3.757;3.8637;3.5443;3.3981
41;Japan;3.37;2.2819;3.4952;3.222;3.1342;3.4341;3.2062;3.3411;3.4172;3.685;3.559;3.7141;3.7578;3.5809;3.7282;3.5229;3.6671;3.5514;3.8745;3.522;3.4885;3.2166;3.1905;3.4508;3.286;3.3435;2.9806;3.3388;3.6141;3.355;3.7321;3.2544;3.5906;3.5838;3.2628;3.6593;3.4262;3.3153;3.1197;3.5537;3.5217;3.1096;3.1695;3.7722;3.2205;3.5676;3.7332;3.085;3.3696;3.2467;3.221;3.5439;3.1521;3.45;3.2863;3.0147;3.604;3.0017;3.5158;3.3379;3.3795;3.2126;3.605;3.3591;1.9944;2.6571;3.3041;3.2327;1.9889;3.7472;3.7156;3.6116;3.4533;3.9061;3.0797;3.3333;3.7552;3.8915;3.8067;3.4826
42;Bulgaria;3.8;2.3569;3.7375;3.15;2.75;3.4583;3.425;4.4667;3.4143;3.7333;3.825;4.4;4.1;3.2333;3.7667;3.25;3.9667;3.7;4.3;4.1;3.1111;3;2.6091;3.625;3.5;3.7;1.5667;3.95;3.9;3.25;4.325;2.85;4.46;3.6333;3.3429;4.3111;3.1;3.3611;3.1333;4.1;3.4;3.25;3.1;4.3;3.725;;3.4;;3.4;2.88;;3.6;2.45;;3.05;2.9;3.9333;2.15;3.3667;3.95;3.5;3.3;3.9;3.86;0.8;2.4;;2.8;1.1;4.5;4.425;3.92;3.15;4.3857;1.9;;3.9;3.9;4;3.3
43;United States, Kansas;3.2872;2.0854;3.5223;2.8418;3.0866;3.3227;3.1061;2.8692;3.4077;3.5822;3.4968;3.6848;3.743;3.5315;3.7467;3.4519;3.6641;3.4696;3.8917;3.6101;3.4237;3.1408;3.0503;3.5047;3.2382;3.279;2.7242;3.1129;3.7508;3.2849;3.74;3.0648;3.5176;3.6898;3.2529;3.7402;3.5473;3.3024;3.1073;3.6171;3.5019;3.0632;3.3106;3.8295;2.9714;3.4162;3.686;3.0636;3.1156;3.2278;2.9173;3.5362;3.1545;3.3;3.2574;2.8553;3.5069;3.172;3.6264;3.3808;3.2016;3.1887;3.6564;3.2561;2.026;2.8984;3.1621;3.2936;1.8773;3.7529;3.6602;3.5464;3.15;3.9619;3.3136;;3.7629;3.9277;3.6;3.36
44;Russia;3.3657;2.3116;3.5755;3.3556;3.1691;3.5824;3.0714;3.2889;3.3662;3.6936;3.6115;3.8296;3.8261;3.6412;3.881;2.8696;3.65;3.5833;3.8874;3.269;3.5585;3.3419;2.9198;3.5097;3.3453;2.85;2.7318;3.3663;3.5617;2.9333;3.9388;3.1142;3.6943;3.705;3.3464;3.743;3.3727;3.2947;3.0625;3.2636;3.4954;3.2917;3.7875;3.7549;3.2172;3.4706;3.4864;2.6533;2.9646;3.1493;;3.5647;3.0628;3.44;3.2;2.88;3.6886;2.3358;3.6573;3.2904;3.3784;3.1949;3.6864;3.5667;1.7;2.2391;3.6;3.1175;1.9079;3.9781;3.8755;3.6365;3.1562;4.0143;3.4158;2.2;4.0818;3.8391;3.8;3.675
45;United States, California;3.3367;2.0405;3.5699;3.029;3.1313;3.3711;3.1605;3.0135;3.4175;3.6425;3.5487;3.7077;3.7636;3.5595;3.7866;3.3654;3.6498;3.5374;3.8875;3.6029;3.4991;3.2774;3.0417;3.4778;3.3669;3.3222;2.734;3.2493;3.7123;3.2908;3.7905;3.107;3.5819;3.6041;3.2717;3.6898;3.5194;3.3001;3.1383;3.5767;3.559;3.0976;3.3149;3.8325;3.1392;3.563;3.6953;2.87;3.1399;3.2832;3.0712;3.5789;3.2404;3.4776;3.2681;2.8576;3.5449;2.998;3.601;3.3842;3.2757;3.1776;3.6833;3.3527;1.981;2.5468;3.2562;3.3609;1.8814;3.7442;3.6588;3.5949;3.2284;3.914;3.1886;2.5161;3.7168;3.9255;3.8095;3.2557
46;United States, Pennsylvania;3.2406;1.9353;3.5058;2.8353;3.0427;3.276;3.0256;2.9433;3.2995;3.5541;3.4454;3.6161;3.7036;3.5046;3.7279;3.2295;3.5624;3.3391;3.8282;3.5681;3.4448;3.1871;2.9562;3.3975;3.3428;3.2171;2.6172;3.1135;3.6815;3.1351;3.7227;2.9772;3.5314;3.577;3.2342;3.6494;3.4337;3.2904;3.0002;3.4226;3.5287;2.9686;3.2405;3.771;3.0439;3.4125;3.6876;3.1105;3.0323;3.2171;2.9296;3.5208;3.1345;3.4265;3.2413;2.8713;3.5142;2.9703;3.5523;3.3785;3.177;3.0719;3.5582;3.1959;1.8156;2.8009;3.0871;3.2764;1.8626;3.6721;3.5987;3.5315;3.1216;3.8763;3.2206;2.8696;3.7643;3.8949;3.7746;3.4333
47;United States, New Jersey;3.2841;2.0051;3.5125;2.9217;3.0869;3.3561;3.0607;3.0505;3.3795;3.6184;3.4955;3.6264;3.716;3.6103;3.7489;3.2527;3.6025;3.4146;3.8512;3.608;3.4612;3.2447;2.9611;3.433;3.3695;3.1706;2.6658;3.2099;3.6991;3.2113;3.7504;3.0043;3.5463;3.5934;3.2957;3.6739;3.5133;3.2741;3.1271;3.4774;3.5388;3.0554;3.2926;3.7255;3.0552;3.5291;3.6747;2.9737;3.135;3.2436;3.145;3.4983;3.1733;3.5479;3.2972;2.9191;3.5273;3.0072;3.5691;3.318;3.3067;3.147;3.5985;3.26;1.8725;2.4074;3.1394;3.2447;1.6746;3.6369;3.6771;3.5888;3.0186;3.8392;3.1639;2.49;3.7289;3.8485;3.7488;3.2453
48;Hungary;3.3483;2.0662;3.5273;3.1286;3.034;3.4323;3.0709;3.2386;3.3964;3.8145;3.6247;3.9591;3.924;3.0388;3.7841;3.2558;3.6302;3.3975;4.0882;3.7897;3.5079;2.9903;2.7957;3.3921;3.3792;3.175;2.6682;3.356;3.7403;3.2192;3.9981;2.9102;3.6514;3.7725;3.3353;3.7919;3.3379;3.3056;2.9927;3.4563;3.7561;2.9173;3.3042;3.7655;2.9223;3.4022;3.4984;2.1;2.9653;3.2591;3.4143;3.5278;3.1004;3.1714;3.3114;2.9029;3.5828;2.6773;3.6151;3.4289;3.1297;3.0064;3.675;3.3512;1.9;1.8981;3.025;2.9985;2.086;3.9523;3.7764;3.45;3.0762;4.1341;3.075;1.5143;4.0667;3.8065;3.75;3.2783
49;Greece;3.1806;2.1783;3.6126;3.2496;2.8271;3.5494;2.9778;3.0656;3.5595;3.7555;3.6595;3.8211;3.8272;3.6472;3.819;3.1628;3.6875;3.5089;4.0661;3.7917;3.6598;3.08;2.7287;3.4166;3.2851;3.15;2.5417;3.3931;3.517;3.2462;3.9109;2.914;3.7924;3.5967;3.2036;3.6933;3.295;3.2341;3;3.4778;3.7857;3.0333;3.1958;3.7947;2.9322;3.6417;3.7591;3.32;3.0143;3.2622;3.2333;3.3216;3.1506;3.8;3.3;2.9491;3.5324;2.5984;3.5609;3.3444;3.2207;2.82;3.725;3.2054;2.0333;1.9037;3.3667;3.1061;1.9692;3.708;3.6907;3.5231;2.92;3.9656;3.2667;;3.81;3.9709;3.6294;3.62
50;Luxembourg;3.1043;1.9902;3.4107;2.9345;2.9075;3.4301;3.1667;3.3611;3.3787;3.6462;3.4836;3.7056;3.74;3.4846;3.7758;3.075;3.56;3.4;3.9724;3.5;3.4403;3.08;2.7086;3.2667;3.475;3.1068;2.7065;3.02;3.42;2.78;3.85;2.815;3.4676;3.462;3.08;3.5257;3.2357;3.1493;3.48;3.2348;3.15;2.6333;3.2667;3.7229;2.752;3.6714;3.6207;2.45;2.9292;3.1111;3.4;3.4917;3.0697;3.45;3.2579;2.797;3.548;2.45;3.4044;2.9875;2.9455;2.1833;3.8186;3.225;1.7143;2.025;3;3.3636;2.3;3.8184;3.7643;3.4667;3.2;3.9056;2.78;2.8;3.9;3.7843;4.1333;3.5429
51;Mexico;3.2373;2.6733;3.386;3.0312;3.0332;3.3863;3.3184;3.2611;3.429;3.6576;3.5544;3.6264;3.8114;3.3875;3.8147;3.2364;3.5139;3.625;3.8733;3.6667;3.3339;3.1128;3.0607;3.4909;3.3673;3.1182;3.0795;3.3255;3.625;3.3357;3.865;2.9391;3.5341;3.7036;3.2159;3.7545;3.25;3.335;3.0738;3.4237;3.5262;3.1194;3.3875;3.8585;3.0914;3.55;3.4386;3.2263;3.1243;3.3423;2.94;3.35;3.3229;;3.1595;2.9122;3.5204;3.1088;3.5356;3.2388;3.3059;3.3722;3.5167;3.25;2.8893;2.7769;3.225;3.2911;2.7761;3.7043;3.4413;3.5286;3.325;4.0764;3.1412;3.3;3.5571;3.6143;3.55;3.4
52;Wales;3.3333;2.2268;3.3254;3.1689;2.9188;3.5;2.82;3.5667;3.3717;3.65;3.4508;3.5333;4.1;3.85;4.1;3.0857;3.8526;3.8091;4.0944;3.6714;3.4979;2.4917;3.2;3.275;3.3571;3.2138;2.485;3.4308;3.675;3.4;4.1286;3.5111;3.4;3.7556;3.05;3.5931;3.86;3.0333;2.9333;3.6167;3.5571;4.1;3.6667;3.2;2.6556;2.85;3.36;2.5;3.9;3.3417;3.1;3.45;3.16;;;3.05;2.9857;2.7;3.5444;2.78;3.5;2.9667;3.4053;3.1333;;1;4;3.3625;1.7;3.08;4;4.1;;3.9667;;5;3.9;4.2;;
53;Slovenia;3.3836;2.1493;3.5215;3.0913;2.9528;3.4673;3.2188;3.3311;3.4448;3.7783;3.5853;3.3111;3.7606;3.4062;3.5814;2.9763;3.5464;3.6059;3.9938;3.6583;3.5444;2.9862;2.5406;3.3078;3.535;2.9333;2.5733;3.2924;3.6552;3.2083;3.8545;2.8056;3.5926;3.6171;3.3632;3.6636;3.1385;3.2223;3.307;3.2577;3.7123;3.076;3.2815;3.6345;2.8298;3.3625;3.5277;2.4308;2.7869;3.2946;3.5;3.3909;3.048;3.275;2.8373;2.8993;3.278;2.4907;3.5673;3.4239;2.7393;2.6646;3.5405;3.196;2.3259;2.1098;3.2333;2.98;1.923;3.8024;3.7455;3.5175;3.0394;4.1333;2.9909;2.25;3.8857;3.6273;3.72;3.4875
54;Croatia;3.223;1.9443;3.4332;2.9212;2.8918;3.3;2.9645;3.1904;3.2151;3.6493;3.4154;3.4246;3.6549;3.2967;3.5573;2.9026;3.397;3.4201;3.8951;3.5432;3.4003;2.8934;2.4171;3.188;3.3288;3.183;2.4503;3.128;3.466;3.1656;3.791;2.6582;3.4663;3.4391;3.1259;3.5481;3.1144;3.108;2.8797;3.1689;3.5584;2.8216;2.8765;3.5458;2.5936;3.4204;3.3;2.3714;2.6994;3.0383;3.1062;3.3682;2.9207;3.3667;2.8973;2.7014;3.3348;2.3391;3.4739;3.2373;2.8387;2.6608;3.5556;3.1475;1.9238;1.8133;3.0267;2.8899;1.6147;3.6311;3.6058;3.304;2.9311;3.8861;2.9078;1.92;3.7522;3.5172;3.65;3.0217
55;Slovak Republic;3.3394;1.8562;3.4734;3.0935;2.9174;3.385;3.065;3.1996;3.2415;3.6951;3.4683;3.8562;3.713;3.4176;3.6682;2.8238;3.5163;3.4524;3.8837;3.6224;3.4657;3.1092;2.6127;3.283;3.3409;2.9886;2.4291;3.2005;3.5212;3.0883;3.875;2.7591;3.5604;3.4902;3.1832;3.5487;3.3491;3.1883;3.1615;3.3074;3.5819;2.9909;3.1808;3.8419;2.9585;3.3862;3.4636;2.61;2.9177;3.2697;3.368;3.5211;2.9892;3.4607;3.0598;2.8319;3.4398;2.5544;3.4005;3.15;3.004;2.7553;3.548;3.1711;1.6865;1.8609;3.2;2.9109;2.1797;3.7979;3.6521;3.4817;3.016;3.8522;3.0286;2.1125;3.9054;3.8081;3.4543;3.3053
56;Lithuania;3.3273;2.2782;3.5746;3.1571;2.8457;3.5443;3.0818;3.5;3.42;3.7714;3.4845;3.9;3.7375;3.46;3.9909;3.097;3.7763;3.55;4.0222;3.3143;3.5579;3.1784;2.6826;3.3807;3.3086;3.2727;2.6481;3.4027;3.4929;3.7667;4.2;3.0357;3.65;3.8714;3.2514;3.888;2.9857;3.3;2.9833;3.3403;3.6222;2.6333;2.45;3.88;2.7895;3.45;3.6235;2.85;2.8878;3.2884;4;3.6;3.0723;3.9;2.5769;2.9257;3.4182;2.2929;3.6089;3.2172;3.305;2.904;3.7;3.4333;2.0667;2.022;1.9;3.2636;2.584;3.87;3.96;3.6286;3.56;4;2.55;2.2;;4.22;4.7;3.85
57;China;3.4045;1.8446;3.3017;3.1316;2.9012;3.3657;3.2667;2.8375;3.5167;3.6909;3.5067;3.5143;3.7222;3.34;3.4882;3.1333;3.5375;3.5273;3.9028;3.1636;3.514;3.1107;2.9106;3.3515;3.35;3.0222;2.5083;3.2629;3.7;3.12;3.72;2.7125;3.6875;3.7194;3.15;3.7529;3.3857;3.0618;2.5;3.4;3.5235;3.2143;3;3.7444;2.9941;3.3;3.35;2.625;2.95;3.0828;3.2;3.64;3.075;;3.2833;2.6609;3.62;2.35;3.6176;3.2583;3.2571;3.05;3.4545;3.56;1.8429;1.8833;3.25;2.8933;2.0333;3.8333;3.36;3.85;3.35;3.8643;2.6;3;4.5;3.88;;3.4
58;Latvia;3.1864;2.5893;3.4583;2.9734;2.9733;3.3817;2.99;3.0586;3.3914;3.5554;3.4829;3.927;3.7897;3.2211;3.7592;2.9293;3.5788;3.55;3.9282;3.5118;3.6231;3.158;2.958;3.4561;3.1417;3.4333;2.7848;3.2151;3.3761;3.5;3.9;2.6364;3.3655;3.6235;3.2432;3.6188;3.128;3.0992;3.1174;3.0566;3.5632;2.4333;3.2684;3.7767;3.0421;3.5947;3.5795;2.8375;2.7806;3.1725;2.64;3.6694;3.0103;3.44;3.0533;2.8243;3.395;2.5025;3.4007;3.032;3.302;2.9556;3.4526;3.135;2.55;2.3929;3.2333;2.92;2.9173;3.7694;3.6667;3.4189;2.9667;3.9179;2.9429;;3.5667;3.6771;3.6;3.2875
59;United States, Indiana;3.2404;1.9656;3.5025;2.8542;3.098;3.2434;3.099;2.9764;3.3884;3.6024;3.4216;3.58;3.6411;3.4462;3.6661;3.381;3.5229;3.2974;3.8415;3.5997;3.4318;3.1549;2.9023;3.3849;3.3426;3.2262;2.6741;3.0703;3.7043;3.2525;3.7381;2.9923;3.5917;3.577;3.2238;3.651;3.4978;3.3227;3.035;3.561;3.5135;2.9819;3.2669;3.7313;2.9147;3.4415;3.5778;2.8385;2.9852;3.2336;2.9534;3.5599;3.2269;3.7;3.2013;2.8615;3.5405;2.8366;3.5438;3.3436;3.2221;3.1055;3.6191;3.2247;1.7839;2.266;3.2545;3.272;1.6177;3.6588;3.6931;3.6284;3.125;3.8891;3.2669;3.0238;3.7837;3.7892;3.6086;3.4156
60;United States, Florida;3.2536;1.9712;3.5118;2.9052;3.1083;3.3143;3.054;2.929;3.3611;3.5712;3.4652;3.6271;3.7208;3.542;3.722;3.2718;3.5767;3.4454;3.8546;3.4892;3.4428;3.1685;2.9235;3.3535;3.3441;3.2275;2.6249;3.1325;3.7152;3.1919;3.7157;3.0352;3.5661;3.5605;3.2446;3.6317;3.3719;3.2389;3.0751;3.4439;3.5619;2.9978;3.256;3.7684;3.0047;3.432;3.6555;3.0729;3.0462;3.1968;3.0091;3.5549;3.1036;3.5;3.2094;2.8059;3.5157;2.9635;3.5316;3.3228;3.1882;3.0928;3.618;3.2192;1.9147;2.6102;3.2446;3.2347;1.8662;3.6771;3.6358;3.5019;3.1805;3.873;3.1104;2.5286;3.6975;3.8367;3.71;3.3115
61;United States, Illinois;3.2725;2.0034;3.5197;2.9037;3.0972;3.321;3.0342;2.9885;3.2839;3.5961;3.4872;3.6179;3.7133;3.5332;3.6708;3.3622;3.5455;3.442;3.844;3.5577;3.4374;3.1895;2.9788;3.4282;3.2843;3.2485;2.6963;3.1387;3.6018;3.2057;3.7265;3.0605;3.5253;3.5274;3.2144;3.6331;3.3825;3.2719;3.0664;3.4369;3.5229;3.0453;3.2534;3.7091;3.0256;3.4372;3.5978;2.924;3.0352;3.2143;2.9999;3.4977;3.1468;3.5386;3.2048;2.8533;3.4529;2.7796;3.468;3.3407;3.2538;3.1522;3.5831;3.2024;1.8227;2.5681;3.1797;3.2523;1.8678;3.6641;3.6412;3.5044;3.0156;3.8504;3.2787;2.7968;3.6544;3.745;3.6331;3.2569
62;Brazil;3.1729;2.2374;3.3691;3.0622;3.081;3.3337;3.1196;3.1732;3.4515;3.7198;3.5146;3.728;3.7877;3.098;3.6212;3.0392;3.4273;3.3927;3.9336;3.3118;3.452;3.1703;2.6797;3.4216;3.3844;3.3375;2.7109;3.2342;3.7065;3.4222;3.8906;3.0753;3.4008;3.7157;3.3628;3.8252;3.3388;3.2001;3.0531;3.2892;3.2529;2.8646;3.1737;3.6845;3;3.5031;3.5833;2.8;3.053;3.2347;3.3333;3.5279;3.1257;;3.1745;3.0488;3.54;2.8223;3.6986;3.3208;3.3321;3.0949;3.536;3.2007;2.33;2.0919;3.2455;2.6693;2.0982;3.6963;3.7029;3.2739;3.3;4.1389;3.1278;3.3;4.0786;3.5944;4.05;3.5455
63;United States, Massachusetts;3.2339;1.9562;3.4966;3.0074;3.1214;3.4039;3.1371;2.9916;3.4143;3.6034;3.4888;3.6442;3.7029;3.5343;3.7157;3.4402;3.5908;3.4249;3.8416;3.5904;3.4676;3.2343;3.0839;3.4871;3.389;3.4432;2.743;3.1864;3.7565;3.2054;3.7105;3.1357;3.5528;3.637;3.2696;3.7224;3.5165;3.3545;3.1449;3.5813;3.5332;3.1282;3.3026;3.8349;3.0268;3.6274;3.7622;2.8149;3.1911;3.3186;3.1036;3.509;3.2187;3.6611;3.3229;2.9113;3.5707;3.0424;3.6065;3.3793;3.2943;3.1974;3.6025;3.3134;1.8333;2.714;3.2201;3.3549;2.0282;3.6137;3.7;3.5335;3.2556;3.8962;3.2809;3.66;3.7847;3.8487;3.8712;3.287
64;United States, Colorado;3.2387;1.9776;3.4669;2.9189;3.047;3.2672;3.0756;2.978;3.3496;3.5163;3.4311;3.5622;3.658;3.4715;3.6991;3.2269;3.5416;3.3848;3.8011;3.5439;3.4124;3.2103;3.0088;3.3936;3.2493;3.1923;2.6806;3.1425;3.6172;3.1251;3.6855;3.0648;3.5312;3.4933;3.2082;3.6013;3.4155;3.2628;3.0902;3.3737;3.446;2.9843;3.2188;3.7566;3.0933;3.3894;3.651;2.8848;3.1699;3.254;2.9782;3.4303;3.1075;3.3528;3.2098;2.8831;3.45;2.9147;3.4664;3.2459;3.1811;3.1145;3.6012;3.2148;1.7914;2.7516;3.1664;3.2594;1.8062;3.6377;3.517;3.5393;3.125;3.7914;3.177;3.0167;3.5566;3.8298;3.7255;3.3281
65;United States, Missouri;3.2672;2.0688;3.5287;2.9458;3.0653;3.35;3.1325;3.0282;3.4004;3.5813;3.494;3.6179;3.7134;3.4948;3.7568;3.4007;3.6292;3.3596;3.8443;3.5846;3.4464;3.1734;3.065;3.4582;3.352;3.357;2.6499;3.1578;3.6471;3.2329;3.7363;3.118;3.4615;3.6026;3.281;3.6845;3.5242;3.2712;3.1225;3.4319;3.5302;3.1044;3.3265;3.7647;2.9623;3.4648;3.7117;2.9978;3.138;3.2671;2.9157;3.5109;3.1763;3.5917;3.2202;2.8425;3.4815;3.0701;3.562;3.3478;3.2406;3.2019;3.5834;3.1711;1.6282;2.7298;3.3962;3.2619;1.9446;3.7016;3.6602;3.4596;3.11;3.9278;3.13;2.25;3.7483;3.9107;3.9457;3.519
66;United States, Idaho;3.3286;2.0176;3.5421;2.974;3.1101;3.3144;3.122;2.9819;3.3719;3.623;3.4889;3.6689;3.7285;3.6345;3.7411;3.2212;3.6018;3.4539;3.8576;3.5994;3.4627;3.295;3.0652;3.4464;3.3907;3.2712;2.65;3.2001;3.6969;3.1907;3.7526;3.0772;3.5946;3.5683;3.2751;3.6771;3.5033;3.237;3.0896;3.5032;3.5876;3.0725;3.3313;3.7538;3.1109;3.4605;3.742;3.1904;3.0919;3.2103;3.1486;3.4775;3.1383;3.7385;3.2219;2.832;3.5396;2.8988;3.5093;3.354;3.2078;3.1907;3.5914;3.35;2.0179;2.9652;3.2507;3.3227;1.6585;3.693;3.6569;3.5641;3.275;3.8191;3.0691;2.7857;3.7023;3.9584;3.7967;3.5667
67;United States, Arizona;3.4061;1.9899;3.6705;2.98;3.0921;3.4407;3.1634;3.0534;3.4127;3.7845;3.6296;3.76;3.8537;3.7917;3.9093;3.12;3.7567;3.7321;3.9682;3.6711;3.5558;3.3594;2.968;3.522;3.3609;3.3366;2.6711;3.237;3.7262;3.2528;3.8439;2.9351;3.6985;3.6135;3.2884;3.7084;3.5133;3.2986;3.1762;3.5404;3.6967;3.1431;3.3535;3.8755;3.1258;3.732;3.6912;2.9941;3.0626;3.3281;3.1062;3.6468;3.1155;3.487;3.2809;2.8801;3.5549;2.9338;3.5953;3.3871;3.3584;3.1858;3.685;3.2557;2.1037;2.4312;3.3004;3.3183;1.7195;3.7997;3.7133;3.8176;3.2318;3.8882;3.1851;2.5;3.7303;3.8757;3.8365;3.4877
68;United States, Nebraska;3.2307;1.8581;3.511;2.6888;2.9431;3.2041;2.8368;2.8587;3.1796;3.7694;3.4453;3.6441;3.7181;3.4786;3.6552;3.2745;3.434;3.4604;3.9775;3.669;3.4752;3.1393;2.8311;3.3772;3.5602;2.8897;2.5875;2.9825;3.6797;3.0635;3.663;3.1225;3.5774;3.7259;3.0591;3.7345;3.4556;3.3283;2.9857;3.4923;3.5298;2.8777;3.1151;3.7492;3.0294;3.2882;3.6402;3.0733;2.8692;3.2657;2.9515;3.4008;3.1624;4.1;3.075;2.7751;3.5005;2.8593;3.6807;3.3351;3.0897;3.1544;3.6533;3.186;1.9685;2.9232;2.9549;3.33;1.5621;3.7295;3.7472;3.5358;3.275;3.9778;3.7111;2.875;3.7278;3.8447;3.8125;3.5222
69;United States, Louisiana;3.3171;2.4741;3.5184;3.067;3.1971;3.383;3.4281;3.093;3.5484;3.5468;3.5045;3.5211;3.6662;3.4385;3.6283;3.4034;3.6197;3.4273;3.7696;3.5982;3.4588;3.2736;3.1937;3.5246;3.5019;3.16;2.9744;3.2007;3.6726;3.2213;3.5623;3.3012;3.4766;3.7113;3.3112;3.7397;3.4333;3.4375;3.175;3.4864;3.6126;3.0804;3.3288;3.6015;3.0736;3.4778;3.6769;3.35;3.502;3.3649;3.1778;3.446;3.2836;3.4333;3.3385;3.1108;3.5371;3.3681;3.5953;3.5444;3.2468;3.3378;3.7036;3.5074;2.3384;3.04;3.1889;3.3035;2.3471;3.6166;3.6431;3.5;3.45;3.9755;3.2929;2.8;3.7063;3.7556;3.5;3.225
70;United States, New Hampshire;3.3711;2.0945;3.5441;2.9622;3.0964;3.397;3.2214;3.0816;3.426;3.6452;3.5041;3.6109;3.7424;3.4624;3.5736;3.3868;3.6136;3.4327;3.8954;3.7261;3.526;3.2304;3.0714;3.4687;3.3989;3.2023;2.7224;3.1875;3.7777;3.2416;3.7476;3.128;3.5673;3.6919;3.2843;3.7286;3.4416;3.437;3.1433;3.495;3.577;3.1604;3.3898;3.5274;3.0585;3.6371;3.6458;2.9;3.2065;3.3532;3.1115;3.6207;3.2959;3.525;3.3712;2.9883;3.6779;3.0574;3.6308;3.4844;3.2658;3.282;3.6793;3.3798;2.0517;2.7341;3.3097;3.413;1.6366;3.7277;3.6798;3.4914;3.0111;3.8944;3.2629;3.2333;3.46;3.7356;3.5231;3.5286
71;United States, Nevada;3.2842;1.8952;3.5851;2.8764;3.0599;3.3594;3.0554;2.8152;3.5112;3.6457;3.5385;3.7321;3.8038;3.5553;3.7996;3.2164;3.655;3.4127;3.9759;3.7089;3.4774;3.222;2.8776;3.4242;3.4514;3.175;2.6832;3.1693;3.6349;3.2328;3.7825;3.0037;3.6032;3.6604;3.2583;3.7078;3.5076;3.1515;2.9664;3.4625;3.6019;2.95;3.3927;3.8632;2.9629;3.4987;3.6226;2.8171;2.9568;3.1561;2.8938;3.6599;3.2177;3.4333;3.284;2.7871;3.5309;2.9009;3.6496;3.385;3.1564;3.1633;3.7929;3.2929;1.5964;2.6114;3.2792;3.2591;1.6889;3.8186;3.4909;3.4627;3.2;3.8974;3.0448;2.46;3.7148;3.7757;3.596;3.4455
72;United States, Tennessee;3.307;1.9714;3.579;3.0013;3.1513;3.3565;3.1124;3.0174;3.3789;3.6286;3.5039;3.679;3.744;3.5734;3.7466;3.3389;3.616;3.4838;3.8799;3.578;3.5123;3.2217;3.0515;3.45;3.4263;3.3483;2.7406;3.1845;3.7908;3.1921;3.776;3.0716;3.6412;3.632;3.2526;3.6704;3.4646;3.3348;3.1057;3.4516;3.5908;3.0533;3.2851;3.8012;3.0718;3.3991;3.7228;2.9385;3.1139;3.2921;3.0502;3.5716;3.1955;3.4231;3.3023;2.8766;3.5474;3.0387;3.5945;3.3746;3.2609;3.2197;3.6884;3.3301;1.8161;2.8181;3.2875;3.3402;1.4681;3.6891;3.7197;3.5599;3.35;3.893;3.1203;2.325;3.7469;3.8566;3.8341;3.3478
73;United States, Mississippi;3.3694;1.726;3.6304;2.7463;3.0918;3.2285;3.0115;2.9865;3.3333;3.6933;3.5016;3.7652;3.7161;3.85;3.675;3.6;3.5762;3.0667;3.8665;3.6111;3.4975;3.119;2.9429;3.3511;3.477;3.06;2.7049;3.1846;3.7;2.9737;3.77;3.1429;3.2114;3.6175;3.2;3.6647;3.1846;3.2826;2.936;3.58;3.6841;2.8786;3.02;3.8536;3.0146;3.4;3.6227;3.06;2.9926;3.3692;2.625;3.4909;3.125;3.7;3.425;2.7726;3.5153;3.0067;3.7;3.5263;3.3273;3.1649;3.525;3.4056;1.5552;2.46;3.2;3.4;1.8;3.6929;3.9737;3.28;;4.0295;3.375;;3.9222;3.8875;2.7;3.5
74;United States, Iowa;3.3028;2.1559;3.5524;2.9502;3.1619;3.3945;3.0971;2.986;3.4293;3.6535;3.5537;3.6133;3.7447;3.6288;3.7725;3.5219;3.646;3.5808;3.8692;3.6875;3.4465;3.1688;3.0825;3.5054;3.4017;3.4;2.8398;3.182;3.6688;3.2191;3.7307;3.1864;3.5636;3.6091;3.281;3.7032;3.5227;3.3436;3.078;3.491;3.5249;3.0763;3.3565;3.8225;3.0287;3.5985;3.656;3.0012;3.0934;3.2924;2.9823;3.5117;3.156;3.4778;3.2357;2.9356;3.558;2.9201;3.5557;3.3764;3.2494;3.229;3.6618;3.2332;2.2232;2.7063;3.1146;3.2834;2.1194;3.6828;3.6731;3.6645;3.4;3.9101;3.2902;2.92;3.8346;3.8279;3.85;3.0667
75;United States, South Carolina;3.3221;2.041;3.5337;3.0541;3.169;3.3435;3.0966;3.0653;3.4477;3.5833;3.4691;3.6558;3.732;3.3639;3.4472;3.4125;3.4274;3.3543;3.9105;3.6586;3.5113;3.3553;3.0791;3.4468;3.3867;3.1762;2.7525;3.276;3.7797;3.1951;3.7583;3.0691;3.5951;3.6961;3.2657;3.8025;3.5105;3.329;3.1989;3.5068;3.6253;3.1417;3.4214;3.7046;3.1685;3.4926;3.5978;3.2526;3.2216;3.278;3.1843;3.5644;3.2948;3.7;3.3575;2.909;3.6017;3.1315;3.6333;3.3159;3.286;3.2694;3.6098;3.2521;1.9119;3.0468;3.3667;3.2947;2.0545;3.7148;3.6196;3.4146;3.675;3.9737;3.3409;3;4.14;3.6;3.2333;3.7667
76;Thailand;3.1449;2.1249;3.3502;3.0689;3.0177;3.277;2.8444;3.0865;3.3212;3.4902;3.4191;3.5618;3.5805;3.1732;3.3307;3.0831;3.3482;3.3835;3.7391;3.3455;3.3383;3.0668;2.7959;3.1185;3.2091;3.076;2.5579;3.1719;3.5529;3.1944;3.6655;2.7785;3.3214;3.217;3.0892;3.3137;3.2431;3.0419;2.973;3.15;3.3814;2.9644;3.1933;3.3594;2.9466;3.4107;3.1975;2.6875;2.8525;3.0455;3.0769;3.4103;3.0585;3.25;3.0566;2.8833;3.2653;2.4837;3.1603;3.1178;3.1101;2.9217;3.3608;3.171;2.1373;2.2245;3.03;3.098;2.2275;3.5719;3.3077;3.2023;3.1667;3.5319;2.8643;2.5714;3.4778;3.437;3.2571;3
77;Portugal;3.3925;2.1281;3.4322;3.0606;3.2198;3.4242;3.1375;2.9803;3.3667;3.6022;3.4951;3.6882;3.7145;3.4346;3.613;2.9245;3.4445;3.4978;3.8759;3.5605;3.492;2.9192;2.6111;3.2433;3.3136;3.4727;2.625;3.1669;3.6314;3.0077;3.705;2.8122;3.3322;3.3694;3.475;3.4291;3.1069;3.0953;3.0541;3.3371;3.4905;2.8765;3.3259;3.5448;2.8157;3.45;3.3683;2.4313;2.737;3.1246;3.1769;3.2979;2.9127;3.375;2.9639;2.9392;3.5131;2.4763;3.3674;3.119;3.1333;3.0296;3.5857;3.0441;2.2353;1.9909;3.28;2.9042;2.0018;3.5671;3.6733;3.5211;3.2417;3.7724;3.1;2.3;3.4625;3.6694;3.76;3.2091
78;Serbia;3.1481;2.388;3.596;3.2492;3.2091;3.5314;3.1182;3.3963;3.4556;3.5933;3.5845;3.8357;3.7021;3.4333;3.6988;3.3227;3.5823;3.517;3.8458;3.6778;3.5301;3.1119;2.7764;3.378;3.15;3.4;2.8429;3.3829;3.6708;3.2125;3.787;2.9154;3.52;3.5878;3.2946;3.7628;3.3818;3.3667;3.1467;3.4688;3.6042;3.0786;3.0529;3.7968;3.1093;3.4545;3.6161;2.76;3.0671;3.4173;3.68;3.6267;2.9913;3.5167;3.4;3.2036;3.5364;2.7913;3.6643;3.2407;3.3952;3.0929;3.6471;3.3348;2.1625;2.2226;;3.2725;2.0333;3.7267;3.7545;3.59;3.2875;4.1019;3.1833;2.6;4.2;4.0267;3.68;3.7
79;United States, New Mexico;3.307;1.9924;3.6655;2.8765;3.0797;3.3433;3.0333;2.897;3.4547;3.6417;3.5705;3.725;3.7909;3.3083;3.7607;3.0778;3.6612;3.325;3.8848;3.7486;3.3377;3.0701;2.9928;3.4584;3.3634;2.9857;2.5093;3.2303;3.7281;3.0857;3.7645;3.1717;3.519;3.5933;3.2343;3.7677;3.3409;3.2316;2.9047;3.375;3.4812;3.2098;3.0448;3.8073;2.994;3.65;3.7333;3.2;3.1512;3.3135;3.119;3.5765;3.1173;3.7;3.3459;3.0398;3.6563;2.8243;3.4733;3.345;3.22;3.3092;3.7353;2.98;1.6081;2.3889;3.3;3.18;1.4;3.7215;3.75;3.9667;;3.94;2.8875;2.35;3.8625;3.848;3.6;3.3
80;Taiwan;2.7766;1.849;3.0947;2.4535;2.7071;3.1035;2.6;2.3118;3.1467;3.625;2.9833;3.1739;3.4125;2.95;3.4;2.8167;2.9562;3.2333;3.4469;3.3917;3.0244;2.7846;2.6377;3.119;2.8056;2.9;2.4024;2.7587;3.3111;3.05;3.14;2.5615;3.1417;3.4877;2.9857;3.5256;3.1778;2.7527;2.685;3.16;3.1455;2.7182;2.925;3.3357;2.5303;3.15;2.9467;;3.0045;2.9333;2.4286;3.3231;2.6636;;2.8125;2.3212;3.4778;2.1091;3.3;2.9636;2.7;2.78;3.2867;2.6;1.16;1.88;3.25;2.875;2.125;3.2321;3.3167;3.6;;3.9034;2.7333;;3.5667;3.3875;;3
81;Panama;3.0667;1.9585;3.2;3.1;3.15;3.2818;2.85;3.2;3.25;;3.5333;3.2667;3.6182;;3.45;;3.9333;;3.4429;3.3667;3.6833;3.05;2.3;3.2615;3.1;;2.5833;2.9714;3.2;;;3.275;4;3.6125;3.33;3.5176;;3.65;;3.8667;3.375;2.775;3.5;3.58;3;;3.7571;;2.65;3.3333;2.4;;1.3;;3.45;2.9143;3.35;2.2;3.3833;3.6143;2.8;2.85;3.6667;2.55;;1.1;;2.3;0.7;3.1;3.7;4.1;;4.24;3.1;;;;;
82;Hong Kong;3.4;1.9942;3.4059;3.0437;3.0673;3.3822;3.1;3.2632;3.3667;3.76;3.5497;3.7909;3.7466;3.49;3.6671;3.2389;3.6634;3.4783;3.9962;3.0211;3.4378;3.0436;2.8544;3.1557;3.2545;3.35;2.5824;3.3535;3.6765;3.2;3.9655;2.8933;3.625;3.5949;3.1118;3.65;3.2789;3.0011;3.0389;3.0929;3.6848;2.8909;3.1143;3.6419;3.0308;3.6;3.75;2.6027;3.1895;3;3.025;3.4696;3.0879;;2.9357;2.7429;3.5857;2.9717;3.5286;3.1917;3.0935;2.755;3.6833;3.5;1.8545;2.3227;2.85;3.0857;1.9875;3.8269;3.6;3.4621;;4.2263;2.7571;2.5167;4.175;4.0231;3.6333;3.3
83;Cambodia;3.1556;1.7848;3.1889;2.8647;3.0308;3.28;2.7571;2.75;3.0846;3.6308;3.3813;3.5448;3.6123;3.4429;3.8176;3.2;3.4158;3.1667;3.6919;2.3583;3.4455;2.9288;2.7575;3.3645;3.18;2.85;2.604;3.1093;3.5429;3.25;3.6706;3.0842;3.35;3.5552;3.1306;3.5016;3.2286;3.0185;2.8115;3.0818;3.4458;2.6938;3.1167;3.7444;2.8735;3.2;3.6667;2.56;3.2905;3;2.7;3.3722;2.9;;2.9083;2.6885;3.3214;2.0143;3.4889;3.1714;2.9133;3.1;3.8;3.0429;1.2;1.86;2.5;3.1062;2.4;3.3949;3.5077;3.62;;3.8118;2.9;3.1;3.7333;3.8375;3.95;3.3333
84;Faroe Islands;2.9592;1.993;3.3717;2.896;2.8589;3.2744;2.9655;2.9084;3.0782;3.6089;3.3818;3.5465;3.6392;2.9714;3.508;2.9071;3.3367;3.2;3.8141;3.4607;3.3799;2.8341;2.5235;3.1237;3.4694;3.056;2.5835;3.0031;3.4781;3.0688;3.7056;2.5711;3.266;3.352;3.0886;3.3763;3.0387;3.0009;2.8659;2.9281;3.2918;2.8294;2.9219;3.5093;2.758;3.3727;3.4288;2.6839;2.7333;2.9869;3.1;3.3548;2.8275;2.6333;2.8316;2.5796;3.1491;2.3513;3.2727;3.0169;2.7388;2.758;3.4308;2.9447;1.917;1.7223;3.0909;3.1235;1.8215;3.4671;3.2089;2.85;2.65;3.54;2.9222;2.0636;3.2417;3.6414;3.5937;3.575
85;Chile;2.9768;1.9484;3.2385;2.9778;3.101;3.0212;2.9333;2.8545;3.539;3.8533;3.6252;3.2188;3.7745;3.5;3.5222;3.25;3.6759;3.7667;3.9747;3.6229;3.2083;2.6826;2.7374;3.3429;3.1037;3.26;2.5855;2.8587;3.2;3.4909;3.9833;2.6086;3.4143;3.6026;3.286;3.7167;3.4167;3.149;2.9857;3.4154;3.5;2.8316;3.2;3.7947;2.9143;3.68;3.2278;2.4333;3.1571;3.2976;2.8286;3.3103;3.0317;;3.1641;2.7102;3.5625;2.5148;3.6527;3.1235;3.2;3.1435;3.8471;2.7935;2.05;1.5727;3.17;2.5422;1.6571;3.5167;3.8375;2.9333;3.1;4.0937;3.05;;3.7;3.7429;4.05;3.5
86;Mozambique;3;1.3391;3.3562;2.6605;2.6573;2.8067;2.6444;2.425;3.0968;3.435;3.0488;3.4441;3.422;2.9333;3.5789;2.7;3.4634;3.3;3.8157;3.392;3.2564;2.8855;2.3391;3.1143;3.2444;2.8143;1.7905;2.7346;3.3688;2.9;3.6042;2.67;3.2417;3.6174;2.8482;3.6531;;2.9423;2.5444;2.7667;3.0255;2.14;3.2286;3.8111;2.5517;3.6;3.2;1.5;2.32;2.932;2.925;3.3;2.6429;3.6;3.075;2.3364;3.3538;1.9875;3.4263;2.85;2.8273;2.708;3.4833;2.6375;1.0429;1.7333;2.875;3.02;2.1;3.4367;3.625;3.42;;3.6696;2.95;1.5;4.2;3.95;3.8;3.6
87;United States, Utah;3.4;2.5046;3.5783;3.2502;3.1728;3.4361;3.2731;3.1931;3.442;3.5799;3.4916;3.6517;3.719;3.5586;3.7333;3.4625;3.5623;3.4677;3.8215;3.563;3.4919;3.291;3.2768;3.4824;3.54;3.3;3.0218;3.2814;3.7;3.3206;3.7989;3.3986;3.5325;3.6014;3.2807;3.6564;3.5;3.4151;3.2741;3.6061;3.5429;3.2333;3.303;3.8096;3.1858;3.5302;3.688;2.9762;3.47;3.3535;3.251;3.529;3.4456;3.8167;3.4795;3.1844;3.4821;3.1931;3.7143;3.4435;3.3586;3.378;3.6493;3.472;2.286;2.9964;3.3183;3.4053;2.13;3.7066;3.5625;3.5486;3.3;3.8547;3.4;3.2;3.9222;3.9328;3.9833;3.6125
88;United States, Maine;3.3815;1.8058;3.6292;2.9;3.24;3.4277;3.1769;2.9383;3.3242;3.69;3.5241;3.7366;3.7656;3.6562;3.8732;3.3048;3.7519;3.4253;3.919;3.7291;3.5122;3.2104;2.9947;3.5072;3.5009;3.2846;2.7196;3.2973;3.8836;3.064;3.7795;3.1081;3.5234;3.7667;3.3123;3.787;3.6476;3.2359;3.0865;3.7319;3.5709;3.0613;3.4082;3.8388;3.1889;3.625;3.973;3.01;3.1243;3.3127;3.0444;3.7042;3.2014;2.95;3.3444;2.8081;3.5869;3.1553;3.7022;3.4118;3.2333;3.2723;3.8333;3.2111;1.7318;2.6636;3.2808;3.236;2.2905;3.7745;3.7541;3.7304;;3.8774;3.22;2.9;3.875;4.048;3.9091;3.1
89;Ascension Island;3.06;1.8842;3.6;3.1429;2.7;3.1562;3.6;3.3;3.5667;2.4;3.3619;3.78;3.8692;3.8;2.8667;3.7;3.85;;3.7087;2.4;3.4467;2.6286;3.3385;3.4857;3.45;;2.4667;3.2714;3.25;3.2;3.5;3.175;2.525;3.82;3.363;3.73;3.5;3.2429;3.1;3.85;3.85;2.9;3.35;3.7;2.8667;3;3.6;;3.5;3.44;3.5;3.38;3.5667;;3.4667;2.3333;3.6125;1.9;3.86;3.45;2.75;3.175;3.5667;3.6;1.6;;;2.85;;3.2;3.55;;;3.8167;2.8;;3.8;1.775;;
90;Iceland;3.0974;2.0287;3.3946;3.06;3.0778;3.6516;2.4667;3.3357;3.4786;3.8368;3.6743;3.5667;3.897;3.4286;3.7855;3.4294;3.7227;3.5545;4.0423;3.48;3.4667;3.1965;2.6798;3.4164;3.175;2.2;2.4257;3.3452;3.6;3.4467;3.8875;2.84;3.773;3.7178;3.2109;3.7596;3.73;3.3369;2.9421;3.72;3.0867;3.43;3.3412;3.8515;2.969;3.5062;3.6032;1.7;2.8098;3.3333;2.9;3.65;3.1143;;3.2091;2.5796;3.6391;2.6;3.726;3.3353;3.6667;3;3.66;3.1045;1.5;1.4385;4.1;3.3438;1.9929;3.8542;3.8143;3.3941;2.9333;4.0543;3.3167;0.9;3.8;3.9148;4.2333;3.7333
91;United States, Oklahoma;3.2478;1.9311;3.6177;2.7994;3.0583;3.2691;3.1039;2.8566;3.3021;3.5297;3.4452;3.7218;3.7545;3.5622;3.7868;3.1714;3.7084;3.3091;4.0144;3.664;3.5033;3.0928;2.8798;3.493;3.2878;3.0583;2.6706;3.0664;3.7864;3.1538;3.9082;2.8841;3.3861;3.7442;3.1854;3.8045;3.337;3.3;3.16;3.6758;3.5482;2.8536;3.1667;3.8734;2.8261;3.4857;3.522;2.69;3.0296;3.2558;2.719;3.6052;3.0129;3.2;3.2619;2.7389;3.602;2.834;3.6475;3.2231;2.9421;3.0468;3.7051;3.18;1.4135;2.7286;3.2444;3.1667;1.9333;3.7481;3.7489;3.5517;3.4429;3.992;2.9;;4.0391;3.7639;3.5333;3.65
92;United States, Delaware;3.2632;1.9264;3.5897;2.8828;3.2038;3.3209;2.9519;3.0146;3.3702;3.7085;3.5345;3.6467;3.7678;3.5273;3.7942;3.3;3.6332;3.5313;3.879;3.722;3.4916;3.2534;3.0157;3.4606;3.4009;3.2071;2.5711;3.1994;3.7511;3.1077;3.8121;2.9924;3.5837;3.571;3.3379;3.7235;3.5646;3.3406;3.049;3.5385;3.5449;2.9921;3.2419;3.8485;2.9919;3.7083;3.7886;2.94;3.081;3.3356;3.1;3.6151;3.2556;3.48;3.3205;2.8218;3.5497;3.2603;3.5787;3.4152;3.4109;3.1388;3.6438;3.2947;1.916;2.8125;3.0947;3.3247;1.1818;3.7048;3.6635;3.5256;3.2;3.9076;3.3923;2.9;3.8913;3.8212;3.76;3.5143
93;United States, Hawaii;3.2953;2.009;3.5842;2.9444;3.2278;3.3654;2.9556;2.8567;3.5;3.7833;3.5586;3.6438;3.873;3.54;3.8;2.85;3.5746;3.5;3.9336;3.6364;3.4269;3.1537;2.9828;3.3943;3.4312;3.4;2.2684;3.2807;3.6333;3.4429;3.8375;2.9933;3.5929;3.597;3.4194;3.6764;3.43;3.5102;3.0538;4.04;3.6892;2.9615;3.3222;4.012;3.0389;3.42;3.7;1.65;3.0176;3.151;2.975;3.7;3.2059;;3.4333;2.8469;3.5464;3.06;3.6533;3.4286;3.0714;2.9909;3.75;3.3;1.2286;;3.15;3.1429;;3.6425;3.5286;3.9;;3.9192;3.15;;4.1;3.9889;3.5333;
94;United States, South Dakota;3.6228;2.807;3.7937;3.2286;3.0437;3.2925;3.1417;3.017;3.42;3.4833;3.3556;3.4211;3.8917;2.7;4.6;3.6;2.8125;;3.881;4.15;3.5806;2.7244;3.0786;3.2429;3.4238;4.1;2.5929;3.2574;3.4625;3.6857;3.775;3.1545;2.9375;2.8143;3.3969;3.5778;4.8;2.9419;2.8615;3.4;3.4867;3.2556;3.4778;4.2;2.268;;3.3;2.14;2.94;3.2042;2.9778;3.35;3.025;;2.9812;2.9459;3.4476;1.9222;3.4667;2.75;3.125;3.1552;3;3.1286;1.75;2.125;3.0125;3.15;1.35;3.2375;3.42;;3;3.24;3.15;;3.9;;;
95;Turkey;3.3;2.2893;3.5472;3.2167;3.1279;3.3056;2.9792;2.9706;3.1864;3.5111;3.3811;3.4162;3.5422;3.1889;3.3708;2.8474;3.3702;3.3314;3.7547;3.4812;3.45;3.0358;2.7938;3.3183;3.4;3.2111;2.7425;3.1115;3.4719;3.175;3.7062;2.8417;3.3528;3.5527;3.2257;3.6;3.3833;3.2356;2.9563;3.05;3.5106;3.0379;3.1071;3.3688;2.9154;3.3913;3.4;3.2;2.997;2.9657;3.1455;3.2077;3.2034;;2.9467;2.7977;3.3185;2.4472;3.649;2.8455;2.8909;3.0656;3.3556;3.0462;2.7261;2.35;3.1364;3.1103;1.65;3.4696;3.7857;3.3043;2.4;3.6346;2.7;;3.8;3.4333;2.95;
96;United States, Arkansas;3.2859;2.1334;3.5749;3.1556;3.2096;3.3013;3.255;2.9843;3.3467;3.6808;3.5062;3.71;3.7796;3.4577;3.8355;2.9333;3.6603;3.2857;3.9823;3.6944;3.4821;3.1032;2.9833;3.5215;3.4193;3.3905;2.6193;3.0969;3.6909;2.9778;3.8593;2.9022;3.6256;3.661;3.33;3.8356;3.284;3.3131;3.1947;3.6421;3.5886;3.1227;3.4389;3.8467;2.9277;3.3667;3.6932;2.7824;3.1857;3.309;2.7167;3.6553;3.0233;;3.2081;2.7529;3.6115;3.105;3.7576;3.3023;2.9956;3.2482;3.7369;3.2944;1.9021;2.6818;3.2917;3.275;1.925;3.8018;3.8045;3.25;2.8;4.0261;3.0636;;4.1143;3.88;4.05;3.2333
97;Ecuador;3.775;1.9825;2.3231;2.7222;3.5;2.65;3.3667;3;4.3;3.3;3.08;3.85;4.4333;4;4.25;;2.95;;4.2333;4.1;3.7462;2.875;1.85;3.5;3.7;3.9;2.64;2.6938;;4.25;;3.75;4;3.0667;3.6;4.2455;4.6;2.8786;2.62;3.6;2.3714;3.35;2.5;4.62;3.4722;;4.3;4.4;2.84;3.5;2.5;2.5;2.64;;3.1667;2.7;3.75;2.7;3.2889;3.46;3.9;2.9;;1.72;3;2.3;4.45;2.5333;1.46;3.5;1.1;4.1;;4.7;3.4;;4.2;4.7;;4.4
98;India;3.312;2.2681;3.364;3.0346;3.3607;3.4222;2.975;3.04;3.6786;;3.6086;3.98;3.4;3.1;;4.1;3.46;3.75;4.0357;3.6091;3.5939;3.0182;2.9478;3.5056;3.0462;3.3;2.5071;3.26;3.75;3.1;;3.1;3.275;3.7385;3.4781;3.822;3.5;3.25;3.2786;3.56;3.8385;2.9125;3.1857;4.1571;3.15;;3.6714;2.4;3.1222;3.4591;1.65;3.5222;3.2867;;3.225;3.1467;3.5846;3.025;3.7278;3.54;3.2;3.3938;3.8667;3.45;3.3444;;3.1667;3.2429;3.125;3.6;4.1333;;;3.8286;3.4;;3.5;3.975;;3.65
99;United States, Kentucky;3.3297;2.0009;3.5327;3.0005;3.205;3.3743;3.1089;3.015;3.3819;3.6406;3.5302;3.5861;3.7353;3.4272;3.7175;3.2952;3.5707;3.3972;3.881;3.6022;3.4882;3.2117;3.0974;3.462;3.4676;3.1532;2.7135;3.1867;3.6497;3.2348;3.7389;3.032;3.5281;3.6319;3.2676;3.7149;3.4673;3.3303;3.2077;3.4217;3.6091;3.0927;3.3236;3.797;3.0888;3.5227;3.6874;3.2184;3.1714;3.2279;2.9574;3.5707;3.2046;3.36;3.3375;2.9079;3.5293;3.0663;3.5491;3.4564;3.3424;3.219;3.6321;3.2768;1.7916;2.9167;3.2506;3.3007;2.0681;3.6815;3.7301;3.4697;3.05;3.9018;3.24;3.25;3.7957;3.7948;3.8231;3.4308
100;Moldova;3.25;2.3345;3.3955;3.0662;3.0933;3.2562;2.8941;3.1105;3.6554;3.6413;3.4176;3.8174;3.6286;3.2304;3.5698;2.9392;3.5083;3.3633;3.8066;3.619;3.3927;3.0079;2.7962;3.2362;3.3194;3.0444;2.7274;3.1367;3.5426;3.1714;3.7;2.798;3.5865;3.5474;3.3395;3.59;3.26;3.2099;3;3.1569;3.1632;2.9929;3.4294;3.65;2.8909;3.4913;3.2484;2.375;2.8837;2.9783;2.8667;3.4118;2.9339;3.0667;3.0541;2.8862;3.4489;2.4966;3.4459;3.1095;3.1909;2.8917;3.7133;3.2553;2.5375;1.7638;3.2;3.2;2.0888;3.7877;3.637;3.4023;3.0615;3.8053;3.0375;2.48;3.64;3.636;2.85;3.3333
101;South Africa;3.0474;2.5978;3.2814;2.9824;3.1285;3.0839;2.9767;3.0944;3.4805;3.5595;3.3966;3.7333;3.8125;3.54;3.3222;3.0952;3.3449;3.1913;3.7661;3.7917;3.1899;3.0117;2.8964;3.2576;3.2289;3.3;2.9023;3.0254;3.6182;3.2261;3.7;3.0458;3.5524;3.7544;3.3273;3.68;2.8714;3.1207;3.0659;3.2368;3.5532;2.984;3.4167;4.0471;2.9966;3.82;3.5027;3.3;3.0349;3.2012;3.08;3.6;3.194;3.1;3.2941;3.0229;3.6083;2.6696;3.5729;3.2214;3.15;3.1075;3.5652;3.5;2.1;2.3615;3.4176;3.3;2.3015;3.6375;3.5833;3.3;;3.9892;3.0444;2.95;3.9;3.8118;3.45;3.64
102;Dominican Republic;3.6167;2.0255;2.27;2.7333;3.04;3.7667;;2.7125;3.86;2.4571;2.4903;3.1;2.4333;4.1;2.6588;2.6;3.2394;2;2.4556;1.8;2.71;2.4367;2.6289;3.0899;2.5667;;2.4632;3.225;3.45;2.2;2.4;2.7;1.85;3.2583;2.725;3.2851;2.57;3.0364;2.9667;2.6;2.9333;3.0333;3;2.744;2.9727;;2.7444;3.4667;2.2294;2.7186;;3.3333;2.9;;3.0333;2.575;3.5091;2.7864;3.1989;3.51;3.0714;2.92;3.3;3;2.6;2.65;;2.5857;1.3267;3.9667;3.38;;3.125;3.497;2.6;;4.4;3.1474;;3.84
103;Nepal;;1.9333;;;;;;;;;;;;;;;;;;;;;3;;;;;3.9;;;;;;2;;3.7;;;;;;;;;;;;;;;;;;;;3.4;;;4;;;3.1;;;;;;;;;;;;;;;;;;
104;Indonesia;2.8783;1.85;3.0391;2.3481;3.15;2.6283;2.2;3.0333;3.0375;2.9625;2.8218;2.7625;3.1591;2.4;2.5857;2.1833;3.0885;3.2333;3.5553;2.3;3.0913;2.848;2.348;2.91;2.3333;2.1;2.0143;2.7308;3.1333;2.25;3.38;2.0222;3.1077;3.35;2.8111;2.75;3.0667;2.5889;2.7667;;3.1063;1.7286;2.46;3.0875;2.1929;3.05;3.3571;2.1533;2.25;2.5429;3.3;3.1;2.7583;;2.78;2.3;3.5333;2.68;2.94;2.1833;2.7;2.5333;3.35;;2;2.575;2.7;2.7143;1.8727;3.2;2.5167;2.6333;;3.9;1.8;2.1667;3.2;3.55;2.85;3.9
105;Colombia;3.32;2.3;3.65;2.5714;3.0333;3.47;2.6;2.8667;3.4;;3.4286;;3.5;;;4.75;;3.1;3.4;2.9;3.2556;2.72;2.9308;3.25;3.9;;2.38;3.1;3.2667;;;2.78;4.1;3.2333;3;3.9875;3.5;3.4412;2.9;5;;2.35;;3.6667;2.77;;3.45;;3.0571;3.2429;;;3.1778;;2.7;2.9857;2.975;2.7273;3;3.4;2.8;2.9;3;3.15;2.7;;;2.82;1.7;;3.65;;;3.75;2.75;;;;;
106;United States, Wyoming;3.5484;2.3786;3.6675;3.0218;3.2846;3.2858;2.9833;2.8902;3.5739;3.5714;3.5229;3.4885;3.7359;3.36;3.8796;3.7333;3.8305;3.3214;3.9551;3.7412;3.3757;3.0938;3.1895;3.3971;3.5708;3.6333;2.9023;3.2343;3.5167;3.3167;3.86;3.2211;3.8476;3.7167;3.3805;3.6315;3.8;3.275;3.2364;4.2;3.7114;3.124;3.6235;3.7905;3.0513;2.975;3.6778;2.875;3.5071;3.2659;3.39;3.5077;2.9947;;3.4765;2.9661;3.5853;3;3.5278;3.5308;3.0375;3.2514;3.6556;3.32;1.8939;3.0077;3.3875;3.3667;1.8;3.7361;3.56;3.425;;4.1571;3.1667;2.6;4.2;3.8667;4.1;
107;Cyprus;3.28;1.8133;3.6029;3.073;2.7255;3.4583;3.1875;3.4;3.2435;3.75;3.677;3.8118;3.777;3.15;3.6818;2.87;3.5118;3.4542;4.0484;3.7333;3.6594;2.8146;2.7254;3.45;3.3611;3.05;2.6789;3.2455;3.6889;3.2857;3.9182;2.8375;3.8244;3.5397;3.1103;3.6571;3.2909;3.2956;2.69;3.6231;3.5222;2.7727;3.3333;3.812;2.532;3.8;3.5926;2.4;3.1;3.0889;3.4;3.5778;2.76;3.35;3.4857;3.11;3.5538;2.7077;3.5788;3.1556;2.8444;2.925;3.975;3.5429;;1.8;;3.18;2.1778;3.9;3.7625;3.5318;2.9333;3.9839;2.975;;4.125;3.6862;3.7273;3.375
108;El Salvador;3.0891;1.688;3.2321;2.4319;2.6895;3.1357;2.6542;2.2723;3.2621;3.76;3.3774;3.5853;3.869;2.1;2.8;3.2615;3.5406;2.6;3.8426;3.3187;3.2057;2.5614;2.2208;3.286;3.1138;2.375;2.2453;2.9474;3.2143;3.0429;3.7111;2.5918;3.25;3.7208;3.1462;3.4443;3.47;3.0485;2.4895;3.2615;3.5353;2.2077;2.9111;3.1067;2.4643;2.8;2.875;2;2.532;2.9205;2.5;3.4875;2.8278;;3.34;2.475;3.4732;2.2031;3.4629;3.1167;2.27;3.0214;3.5687;1.9333;1.2909;1.4875;2.8;2.3375;1.59;3.7038;4.025;;1.9;3.8273;3.0833;;3.9333;2.7857;;4.1
109;United States, Alaska;3.324;2.1515;3.5153;3.0308;2.975;3.3419;2.9485;2.9814;3.3897;3.6144;3.5083;3.6641;3.7381;3.5549;3.7486;3.05;3.5446;3.4761;3.9142;3.6453;3.5063;3.2664;2.7541;3.2607;3.4361;3.25;2.5373;3.129;3.7966;3.1739;3.6849;2.8729;3.6299;3.4535;3.3337;3.5599;3.2389;3.1741;3.2077;3.5929;3.546;3.1111;3.35;3.8016;3.1284;3.4667;3.3848;2.95;3.234;3.1741;3.0371;3.549;3.2029;4;3.1479;2.9183;3.5469;2.3978;3.5077;3.3386;3.261;3.1703;3.6083;3.3197;1.9432;2.016;3.2949;3.2956;1.9433;3.8261;3.5516;3.355;3.1;3.882;3.0667;2.5667;3.6815;3.8122;3.7375;3.3125
110;Romania;3.5964;2.3188;3.5811;3.1316;3.0962;3.4931;3.175;3.5;3.5103;3.7622;3.6819;4.0333;3.9367;3.803;3.7767;2.9435;3.596;3.5524;4.041;3.5375;3.6798;3.3107;2.6458;3.2882;3.3632;3.2;2.5037;3.2655;3.8968;3.34;3.9933;2.9955;3.7;3.6277;3.3932;3.6526;3.1438;3.2886;3.3;3.3947;3.5824;3.5286;3.3333;3.894;3.06;3.4962;3.7852;2.5;2.987;3.1915;3.5667;3.4667;2.9286;3.7;2.8;2.8143;3.5469;2.584;3.6189;3.3273;3.2769;2.7875;3.6353;3.4718;1.75;1.9615;3.75;3.0558;2.9444;3.9033;3.8314;3.7672;3.0286;4.018;3.2667;;3.9667;3.8621;3.5375;3.35
111;Vietnam;;2.0917;;5;;3.7;;;;;4.45;;;;;;;;;2.2;;;2.95;;;;;;;;;3.9;;4.7;;;;;5;;;;;;;;;4.6;;;;;3.275;;;;;;;;;;;;;;;;;;;;;4.8;;;;;;
112;North Korea;3;1.4182;3.5875;2.7286;2.25;3.2929;3.05;3.1667;3.0111;3.8167;3.5;3.7286;3.8385;2.7;2.8;2.65;3.275;3.4833;3.9256;3.7;3.3786;2.7545;2.3667;3.2053;3.1;3.3;1.8333;3.0222;3.6;2.75;4.025;2.5;3.4667;3.635;3.16;3.5875;3.1;2.98;2.85;3.42;3.7;2;2.2;3.5;2.8167;3.5;3.0625;2.85;2.05;3.2727;;3.9;2.7429;;2.3;2.575;3.4;2.5231;3.3583;2.85;;2.4;3.7;;;1.84;;2.2333;1.08;4.0833;3.575;;;3.7214;2.5;;3.8;3.7;3.7;3.7
113;Uruguay;2.9;1.8776;2.75;2.975;2.9667;3.2;;;3.7;;4;3;;;;3.3;;;;3.1;2.05;3.4;2.7;4.0333;3.4;;2.4;;;;;2.625;3.2;3.5;3;3.55;;2.9455;4.1;3.05;;;;;;;3.25;;;3.9;;3.6;2.825;;;2.5;4.2;2.9;3.6333;2.6;;2.8;4.3;;;;1.4;;;;3.2667;;;3.8;;;;;;3.4
114;United States, West Virginia;3.2682;1.97;3.4543;2.9875;3;3.2848;3.066;3.0097;3.2975;3.5367;3.4695;3.5577;3.6721;3.48;3.6423;3.4125;3.4796;3.4029;3.7516;3.6125;3.4315;3.0839;2.9144;3.405;3.4167;3.2154;2.5784;3.1709;3.6297;2.9882;3.6194;2.9694;3.4532;3.5583;3.1935;3.7212;3.5839;3.3072;3.0578;3.5278;3.5855;2.7289;3.136;3.6217;2.9827;3.4682;3.669;3.1812;2.8464;3.2906;2.9607;3.3975;3.0967;3.5333;3.1964;2.7748;3.5347;2.9875;3.626;3.313;3.3074;3.0104;3.6156;3.1;2.0182;2.955;3.02;3.2075;0.8;3.552;3.4075;3.4735;3.3;3.8689;3.3833;3;3.7;3.6714;3.5833;3.6
115;Venezuela;3.0439;2.0493;3.2806;2.7796;2.8222;3.1741;2.9615;2.6867;3.0176;3.67;3.266;3.602;3.4465;3.25;3.2633;3.05;3.5286;3.3111;3.7276;3.1;3.2154;2.9097;2.5214;3.107;3.1538;2.6;2.7295;2.9803;3.4214;3.2833;3.7917;2.7962;3.3913;3.3703;2.95;3.5552;3.2667;3.134;2.6476;3.34;3.3731;2.39;3.09;3.6;2.7847;3.25;3.5923;2.4;3.1818;2.8813;2.5;3.3591;2.5818;;2.9733;2.6231;3.4364;2.6556;3.4333;3.5091;2.8882;3.0667;3.5571;2.7467;1.6929;2.625;3.175;2.9444;1.8;3.5182;3.4722;3.2;;3.86;2.5667;;3.35;3.45;3.65;2.7
116;South Korea;2.84;1.7923;3.5611;3.3214;2.8;3.21;3.18;3.42;3.7667;3.92;3.423;3.8833;3.8935;4.6;4.06;2.9;3.4571;3.3714;4.1333;2.85;3.1333;3.0167;2.8429;3.37;3.5;3.3;2.76;3.475;3.75;3.2;4.1;2.4833;3.35;3.91;3.1083;3.769;3.5;3.5633;3.2;3.6;3.23;;3;3.8833;3.5429;3.7;3.9429;3.4333;3.5286;3.4708;;3.6;3.2714;;3.275;2.5429;3.9;2.05;3.9;3.125;3.6333;2.8;3.3;;1.0667;3.7167;;2.9;2.4333;3.9;4.3286;3.5714;;4.3462;2.6;;;3.7857;;
117;United States, North Dakota;3.329;2.1151;3.517;2.9744;2.7;3.2684;3.0789;3.0673;3.5062;3.6048;3.4373;3.6733;3.7794;3.4765;3.787;3.1125;3.7507;3.4929;3.979;3.5308;3.4765;3.3072;2.7158;3.2697;3.2304;3.5;2.604;3.1532;3.5222;3.3625;3.7263;3.0444;3.5529;3.4535;3.2673;3.4892;3.2;3.2952;3.0462;3.68;3.5286;3.2826;3.48;3.6462;2.8774;4.4;3.68;2.75;2.5571;3.061;3.3714;3.6778;2.9167;3.8;3.3667;2.7045;3.4966;2.77;3.4543;3.335;3.3889;3.18;3.6231;2.8889;1.5316;2.13;3.2;3.1529;2.15;3.6757;3.8;3.7533;3.1;4.013;3.2625;;3.825;3.55;3.1;3.5333
118;Bolivia;2.824;1.762;3.3333;2.2923;2.8667;3.0098;2.86;2.3182;3.2308;;3.2674;3.1286;3.6636;;;;3.8;;3.6923;3.2625;3.0795;3.0846;2.6857;3.0133;3.6643;;2.6667;2.8656;3.5667;3.2;3.1;2.7636;3.6333;3.5217;3.0667;3.5594;2.9;3.181;2.8;3.575;3.3125;2.55;2.45;3.63;2.6852;3.6;3.64;;2.7667;3.0857;2.4;2.7;3.2;;2.8667;2.536;3.12;2.5667;3.5538;3.24;1.8;2.8077;3.0333;3.2667;2.4667;2.05;3.3667;2.6111;1.1;3.4318;4.0333;;;3.8889;3.1;;3.6;3.45;;2.5
119;Marshall Islands;2.7667;2.1311;3.5;2.94;2.75;3.3;2.9;3.7;3.25;3.8;3.5067;3.2;3.4333;2.9;;3.1012;3.1;3.6;3.9;;3.06;2.7625;2.6959;3.08;2.8;;2.5571;2.625;3.3667;3.5;;2.7815;3.5467;3.7833;3.225;3.2615;3.1833;2.985;2.95;3.1;3.4;3;3.4;;2.0875;3.1;3;;2.7391;2.8625;;1.5;3.0043;;3.0312;2.8211;3.5;2.3368;3.4;3.1167;3.3;2.8547;;2.88;0.5;1.968;;2.7533;2.1971;;3.4667;3.2;3;3.8;2.9;;;;;3.1
120;United States, Vermont;3.4961;2.0442;3.5782;3.0944;3.2458;3.5042;3.2937;3.1443;3.4372;3.6813;3.6049;3.7004;3.7961;3.5118;3.7478;3.6122;3.6942;3.6077;3.894;3.6679;3.5431;3.2652;3.3063;3.528;3.4207;3.3719;2.9817;3.306;3.8;3.1786;3.7918;3.4266;3.7662;3.5812;3.3641;3.6607;3.4268;3.3805;3.2513;3.6053;3.5464;3.3587;3.3093;3.7752;3.0273;3.8896;3.7375;2.3933;3.41;3.3169;3.2231;3.5904;3.4515;3.475;3.3444;3.0257;3.6552;3.2417;3.5148;3.385;3.3777;3.291;3.6513;3.25;1.88;2.3923;3.3169;3.4904;1.8118;3.6758;3.6712;3.5934;3.85;3.8422;3.5417;;3.7;3.9085;3.6455;3.5
121;United States, Rhode Island;3.4292;1.8764;3.7714;3.0744;3.2857;3.4598;3.1333;3.1417;3.5389;3.675;3.5887;3.7161;3.8373;3.5611;3.6526;3.625;3.6519;3.4333;3.9766;3.6458;3.6745;3.3222;3.0233;3.5229;3.4634;3.45;2.8077;3.3232;3.8176;3.0182;3.9929;2.9619;3.7;3.7576;3.4133;3.7877;3.4556;3.3863;3.1905;3.4368;3.7308;3.1231;3.4156;3.7525;3.0409;3.7133;3.6125;;3.0214;3.4031;3.0125;3.797;3.2182;3.7;3.76;2.9543;3.75;3.58;3.7054;3.45;3.4154;3.3233;3.7531;3.5389;1.5833;2.325;3.455;3.5;;3.7889;3.7619;3.5;;3.9221;2.9;;3.9273;3.6133;3.4;3.25
122;Philippines;3.38;2.0938;3.9462;2.9;;3.4957;3.6667;3.22;3.44;4.225;3.7081;3.8687;4.1;3.3667;3.325;3.2;3.4333;3.6923;4.05;4.2;3.8846;2.5889;3.2143;3.4375;3.7571;3.4;2.3125;3.3444;3.7;3.9;4.05;4;;3.875;3.5;4.1444;4.05;3.6125;3.1667;3.7;3.7786;3.65;3.5;4;2.7;3.5333;2.3333;3.3;4;3.3385;3.6667;3.7667;3.5714;;3.8333;2.275;3.6;2.18;3.9;;3.175;3.6;3.7;3.6;1.9857;3;3.6;3.2;1.6667;;;3.4;;4.4333;;;;;;3.1
123;Greenland;;2.2476;3.5444;3;;2.9714;3;3.4333;3.2;3.3833;3.2267;;;;3.6;2.6;2.7;3.2;;3.4;3.44;2.6571;2.3444;2.2;3.35;3.3;2.6308;3.4667;3.5133;;;;3.3714;2.4;2.8;3.2;;3.3273;;;3.52;;;;2.8;3.525;4.6;2.75;2.7176;3.0429;;;3.0222;3.6;2.8;2.65;2.35;2.45;2.3;3.0333;;2.8333;;2.92;;2.1;;3;2.3444;;2.85;3.4;;2.9;3.0667;3.2;;;;
124;Bermuda;3.6;1.7447;3.3174;3.18;2.8857;3.6;2.5;3.2143;3.2;3.68;3.5762;3.7167;3.7764;;2.5143;2.825;3;3.3333;3.8425;3.6;3.4913;2.896;1.8091;2.8006;3;3.1;1.9111;3.06;3.15;2.1;3.66;2.4;2.78;3.1425;3.05;3.1509;;2.95;2.5;3.225;3.3818;2.6667;3.05;2.565;1.9706;3.4;2.2125;;1.95;2.8143;;3.25;2.5333;3.4;2.7;2.2833;3.1875;2.3933;2.7;3.1;3.1667;2.7;3.2571;2.9857;;1.2333;2.9;2.8;1.53;3.5412;3.06;;;3.7075;;;3.9;2.475;;2.2
125;Guatemala;4.4;2.829;3.75;3.05;;2.55;;2.1;2.5;;3.4;;4.7;;;4.4;;;;;3.1;3.2667;3.6;3.3;;;1.1;;;;;3.8;;;4.3;3.6;;3.1;;;;;;;3.05;;;;;3.5667;;;3.5;;4.4;3.825;4.1;;4.7;;;;;;4.2;0.6;;;;;;;;;;;;;;
126;Ukraine;3.5257;2.2412;3.5764;3.0527;2.9348;3.4404;3.1188;3.1421;3.4158;3.7382;3.5831;3.9;3.8944;3.43;2.775;2.7259;3.3464;3.5444;3.9839;4.0667;3.585;3.2467;2.75;3.2574;3.4811;2.73;2.5774;3.3613;3.6017;2.9571;3.9375;2.8475;3.5231;3.4545;3.2194;3.5306;2.9154;3.2906;3.2846;3.0267;3.6033;3.225;3.7714;3.5833;2.8906;3.6857;3.5167;2.56;2.7149;2.9812;3.65;3.6333;3.0093;3.6;3.225;2.8;3.6625;2.2451;3.5717;3.5583;3.1571;2.8429;3.75;3.0854;2.25;2.265;3.3;3.2694;2.1347;3.95;3.8385;3.62;2.8593;3.95;3.2133;2.5;4.35;3.6;;3.9333
127;Peru;2.7;2.1486;3.7875;2.53;3.7;3.0722;2.85;2.5833;3.4125;3.475;3.1684;3.7;4.0333;;3.3;3.75;;2.15;3.975;4;2.7875;2.9429;2.5909;2.6571;3.525;;2.3167;2.84;;2.9;3.8;1.5;4.175;3.93;3.7;4.0056;;3.0857;3.3667;;3.35;1.8;;3.4;3.21;;3.7;;3;2.9667;;4.4;3.1;;;3.2714;3.75;3.4;3.4667;3.7;3.025;;;2.3667;3.5667;2.2;3.5;2.85;2.0667;3.8;3.45;3.7;;3.6;;;;3.2;;3.8
128;Algeria;;;3.5;;;;;;;;2.075;2.5;;;;;;;3.6;;;2;2.4667;;;;;3.4;3.1;;;1.7;3.3;;2.5;;;2.8;;;;;;2.6;2.1;;2.5;;2.5;;;;2.9;;;;3.1333;3.2;;;;;2.8;;1.5;1.5;;2.6;;;3.75;;;;;;4.1;1.7;2.2;
129;Namibia;;2.9429;;;;;;;;;;;;;;;;;;;;;;;;;2.3;2.6;;;;;;;;;;;;;;;;;;;;;;;;;;;;;;;;;;;;;;;;;1.6;;;;;;;;;;;
130;Nigeria;;4.35;;;;;;;;;;;;;;;;;;4.1;;;;;4.6;;;;;;;;;;;;;;;;;;;;;;;;;;;;;;;;;;;;;;;;;;;;;;;;;;;;;;;
131;Laos;;2.8417;;;;4.3;;;2.9;;;;;;;;;;;;;;;;;;;;;;;;;;;;;;;;;;;;;;;;;;;;3.9;;;3.5;;;;;;;;;;;;;2.4;;;;;;;;;;;
132;Armenia;4.8;3.3;;;;;;3.6;;;;;;;;;;;;;;;;;;;;;;;;;;;;;;2.6;;;;;;;;;;;;;;;;;;1.9;;;;;;;;;;;;;;;;;;;;;;;;
133;Kazakhstan;;1.8211;;;;;;;;;;;;;;2.4333;;;;3;;;2.5;;;;;;;;;;;;;;;;;;;;;;;;;;2.65;1.7;;;1.75;;;;;0.9;;;;;;;1.75;;;;1.15;;;;;;;;;;;
134;Montenegro;3.7;3.5625;;;;3.3;;;;3.5;2.7;;3;;;;;;;;;;2.6;;;;;;4.2;;;2.1;;;;;;;;;;;;;;;;;;;;;1.9;;;;;;;;;;;;;;;4.2;;;;;;;;;;;;
135;Bosnia and Herzegovina;2.3333;3.0606;3.3;5;2.5;3.2727;;;2.7;;3.34;;4;;2.4;;;;3.5;;3.35;3.5;3.8333;3.75;2.725;;3.55;;;;;0.5;;;2.6667;4.5;;3.7;;;3.5;;;;;;;;3;3.9;;;4.1857;;;3;3.7;0.7;3.5;3.2;;2.9;3.1;2.3;3.1;;3.1;4;4.4;5;;;;4.4;;;;;;
136;Macedonia;;3.1286;3.2;2.9;;3.8;;;;;3.725;;;;;3;3.6;4.2;;;4.2;3.7;4.45;3.35;5;;1.2;;3.9;;;;4.4;;3.6;;;3.1;;;3.4;;;;2.45;;;;4.05;;;;3.4;;;3.0667;;;;;;;3.7;;;;;3.1;;;;;;;;;;;;
137;Bangladesh;;3.15;;;;;;;;;3.75;3.6;;;;;4.6;;3.6;;;;;;;;;;;;;;;;;;;;;;;;;;;;;;;;;;;;;;;;;;4.3;;;;;;;;;;;;;;;;;;;
138;Afghanistan;3.28;;;;;;;;;3.6;;;;;;;;3.9;;;;;;;;2.7;;;;;3.1333;;;;;3.8;;;;;;;;;;;;;4.2333;;;;;;;;;;;;;;;;;;;;;4.4;;;5;;;;;;;
139;Azerbaijan;2.9571;;4.3;;;;;;;;;;;;;;;;;;2.7;;;;;;;;;;;;;;;;;;;;;;4;;;;;;;;;;3.4;;;;;3.9;;;;;;;;;;;;;;;;;;;;;;
140;United States, Montana;1.9331;3.485;2.8639;2.9636;3.1873;2.975;2.7975;3.3329;3.4361;3.4426;3.4763;3.7013;3.2429;3.7846;3.4;3.3088;3.2826;3.7897;3.5241;3.3403;3.0608;2.9371;3.3348;3.4625;3.26;2.6656;3.084;3.7667;3.0154;3.6682;3.065;3.5902;3.4887;3.2389;3.1446;3.5538;3.0667;3.2462;2.9923;4;3.4135;2.8387;3.2214;3.7588;2.9353;3.2;3.5828;2.5667;2.8294;3.2185;3.1643;3.4609;3.115;;3.2784;2.7753;3.4532;3.1833;3.4661;3.1517;3.2143;2.9856;3.5217;3.3125;1.825;2.7571;3.1294;3.1361;1.125;3.5432;3.5722;3.45;;3.7765;3.0071;1.5;3.8857;3.9353;2.5333;2.9333
141;Argentina;1.9462;3.3111;3.4292;3.1;3.6524;3.5714;4.3;3.3;4.1;3.8889;3.5875;3.9857;;3;3.175;3;3.74;3.9286;3.6;3.7267;3.175;3.0591;3.3;4.1364;2.7;2.86;3.5167;;3.6;3.1;3.3667;2.88;4.1187;2.68;3.5667;3.94;2.6;3.6136;3.3;4.2;3.85;3.325;;3.1;3.9;;;;3.9375;3.2917;3.6;3.4125;2.6667;;;2.8857;3.625;2.5;3.6;3.3;3.8;3.725;4;2.5818;1.2;0.5;3.3;2.85;0.5;3.7286;3.8;;3.05;4.125;3.9;;4.6;3.7;;
142;Costa Rica;3.3;;4.1;;;4.5;;;;;;;;4.2;;;;;;;;;3.8;1.7;;;4.5;;;;4.15;;;;;3.9333;;;;;;;;;0.78;;;;;3.3;;;;;;2.4;;;3.2;;;;;4;;;4.9;3.5667;;;3.7;;;;;;;;;
143;Paraguay;2.3688;;2.95;3.8;3.66;;;;;3.55;;;3.2;;;;;4;;4.4;;3.05;;;;2.2;;;;;;;;;3.6;4.5;;2.4;;;4.2;;;;2.3;;;;;3.75;;3.1;;;;;;;4.5;;;;;;;;;3.8;;;;3.1;;4.8;;;;;;
144;Guam;1.7805;3.5571;3.0917;2.6;3.2125;3.08;3.04;3.2333;3.6;3.1698;3.1667;3.3;2.9;2.6;;3.6714;3.05;3.5933;3.65;3.592;2.76;2.8;3.1;3.4889;2.4;2.6286;3.2769;4.05;3.1667;4.2;;3.975;2.9667;3.3227;3.1;3.275;;3.22;3.6;3.8;3.5933;3.0333;3.06;;2.61;3.4;3.3;2.5;;2.8667;;3.65;3.0333;;3.5333;2.6571;4;;4.15;3.5;3.05;3.275;3.4;3.6;1.6;2.5;3.3;3.475;;3.8;3.8333;;;3.8;3.3;;4.2;;;
145;Isle of Man;1.87;;3.2;4.2;;;3.2;4.1;;4.05;4.1;3.9;;3.6;;;;3.55;;3.9;0.5;2.8;3.1333;;;;;;;;;;2.6333;3.8;2.4;4.75;;4.35;;1.3;;;;;0.5;;;;3;0.8;;;;;;;;2.5;;;;;;;1.55;;;;4.3;3.3;;;;4.28;;;;;;
146;United Arab Emirates;1.3;;2.3;;;;;;;3.7;;;;;;;;;;;;3.9;;;;;;;;;;;;;;;;;;;;;;;;;;;;;;;;;;;;;;;;;;;;;;;;;;;;;;;;;;
147;Puerto Rico;2.0767;3.8833;3.9294;3.92;3.91;3;3.4;4.025;4.8;3.645;3.6;4.4167;;4.7;4.7;3.94;3.7;4.1667;;3.59;3.5;3.9333;3.55;3.35;;3.6;4.4;;3.7;;3.15;;3.84;3.3;3.7571;4.2;;3.5429;3.6;4;3.6222;3.25;;2.7;3.0533;;1.8;;2.9;3.9;;;3.4;;;3.32;3.8333;;4.3333;4.8;1.4;2.75;4;3.1;0.75;2.8;;;;3.2;4.1;;;4.05;;;;3.5;;
148;Honduras;2.675;;;;;;;;;;;;;;;;;;;;;3.6;;2.7;;;;;;;3.1;;;;;;;3.9;;;;;;;;;;;;3.3;;;2.8;;;3.2;;1.5;;3.1;;;;;;;;;2.3;;;;;;;;;;;
149;Togo;3.1;;;;;;;;;;;;;;;;;;;;;;;;;;;;;;;;;;;;;;;;;;;;;;;;;;3.7;;;;;;;;;;;;;;;;;;;;;;;;;;;;;
150;Monaco;;;;;2.2;;;;;3;;;;;;;;;;;;4.2;;4.3;;;;;;;;;;;;;;;;;;;;;1.6;;;;;;;;;;;;;2.2;;;;;;;;;;;;;;;;;;;;;;
151;Abkhazia;;;;;;;;;;;;;;;0.5;;;;;4.8;;;;;;;;;;;;;;;;;;0.8;;;;;;;2.65;;;;;;;;;;;;;;;;;;;;;;;;;;;;;5;;;;;;
152;Saudi Arabia;1.15;3.5;2.3667;3.2;3.1;;2.875;;;1.9;;;;;;;;3.8;;3.95;3;;3.3;4.1;;;2.6;;;;;;;3.6333;2.7;3.65;;3.6;;;;;;4.5;2;;;;;2.1;;;;;;1.7333;;;;;2.8;3.1;;;;;;3.1;;;4;;;4.45;;;;;;
153;Pakistan;3.4;3.5;;;;;;;;;;;;;;;;4.25;;;3.4;;;;;;3.2;;;3.1;;;3.7;3.5;3.5;4.1;;;;3.4;4.2;;;;;;;;;;;3.5;;;;;3.9;;;;;;4.05;;;4.2;;;;4.1;;;;4.45;;;;;;
154;Virgin Islands (U.S.);3.1667;4.2;3.7;;2.1;;3.45;;;;4.7;;;;;;;3.1;;5;;3.55;;;;;4;;;;3.4;4;4.5;;3.8;3.8667;;3.7;3.5;;;;;;3.95;;;4.1;;4.05;;;4;;;3.8;;;4.0333;;4;;;;;;;;;;;;;3.75;;;;;;
155;Lebanon;0.7333;;;;4.3;;2.9;;4;3.95;4.7;4.3;;;;3.8;;4.3;;4.1;4.5;;;;;3.8667;4.15;;;;3.7;2.8;;;3.8;;;3.6;;;4.8;;;;3.2;;;4.25;;4;;;1.4;;4.5;;;;;;;3.95;;;;;;;;;;;;;;;;;;
156;Cayman Islands;3.2545;;;;;;;;;4.1;;3.6;;;;;;;;;;4.6667;;;;2;;;;;3.9;;;;;3.2;;3.78;;;;;;;2.9;;;;3.5;;;;;;;;;;;;;3.7;;2;;3.4;;;1;;;;;;;;;;;
157;Andorra;1.9308;3.6;2.9667;;3.4;2.5;2.9;;;3.5667;;4.4;;;3.3;;4.3;;;;2.95;3.25;3.8;;;3;3.4571;;;;3.25;3.7;3.9167;3.1;3;3.9556;3.5;3.4667;2.9;3.5;;3.5;;;;;3.7;;;3.1;;;3.7;;3.9;2.4;4;;3.7444;3.5429;;3;;3.7;3.6;2.6;;1.6667;;3.5;3.9;;;4.65;;;4.3;4.4;;3.25
158;Trinidad and Tobago;;;;;;4.9;;;;;;;;;;;;;;;;;;;;;;;;;;;;;;;;;;;;;;;;;;;;;;;;;;;;;;;;;;;;4.7;;;0.7;;;;;;;;;;;
159;Jersey;0.6;3.95;3.4895;2.9071;3.7;;3.3;3.3;;3.0333;;4.3;;;;;;3.6;;3.2;;3.7;3.6;2.3;3.6;;2.9;;;;;3.75;4.2;1.5;3.25;3.8;;;;3.75;;3.35;4.02;;;;;;;;;;3;;;;;;3.7;;2.9;4.2;3.475;;;;;;;1.8;;;;4.4;;;;3.9;;
160;Mauritius;2.9769;;;;;;;;;;;;;;;;;;;;;3;;;;;;;;;;;;;;;;;;;;;;;;;;;;;;;;;;;;;;;;;;;;;;;;;;;;5;;;;;;
161;Antigua and Barbuda;4.5;;;;;;;;;;;;;;;;;;;;;;;;;;;;;;;;;;;;;;;;;;;;;;;;;;;;;;;;;;;;;;;;;;;;;;;;;;;;;;;
162;Slovakia;2.225;3.35;3.5;;2.8;;;;;3.6625;;3.8;;;;3.65;3.5;4.2;;3.54;3.4;3.2;;2.1;;;;4.4;;;;3.6;;;3.3;3.35;;3.2111;;;;;;;4.55;3.4;;2.5;2.7773;3.35;;;3.2579;;;3.2;;2.65;3.6;3.4;;3.4;4.4;4.8;;2.325;;2.55;3.1;;;;3.25;;;;4.55;;;
163;Saint Helena;2.1091;3.1846;2.56;2.95;3.2172;2.7;3.1846;2.45;3.2;3.1423;3.5;3.4;3.3;3.3111;2.35;3.2;2.9333;3.24;3.2;3.35;2.5154;3;3.5;3.15;;1.95;3.075;3.1583;;;2.58;3.3667;3.225;3.0667;3;2.7;2.9;3.2154;3.1;3.2;3.2733;3.3;;;3.6;3.25;3.9;2.5;2.95;3.25;2.8;3.55;2.72;3.4333;;3;3.1;2.9;3.25;3.5;3.2;2.15;3;2.95;3.5;;;3.25;3.05;3;2;3.2;;;2.65;;3.55;;;
164;Burundi;;;;;;;;;;;;;;;;;;;;;;;;;;;;;;;;;;;;;;;;;;;;;;;;;;;;;;;;4.2;;;;;;;;;;;;;;;;;;;;;;;;
165;Dem Rep of Congo;3.8;;;;;;;;;;;;;;;;;;;;;;;;;;;;;;;;;;;;;;;;;;;;;;;;;;;;2.5;;;;;;;;;;;;;;;;;;;;;;;;;;;
166;Malta;3.4143;;;3.7;4.1;;;;;;;4.4;;;;3.8;;;;;;1.2;;;;;;;;;;;;;;;;3.7;;;;;;;;;;;;;;;;;;;;3.7;;;;;;;;;;;;;;;;;;;;;;
167;Tanzania;2.5235;4.5;3.7;;;;;;;;;;;;;;;;;;;3.25;;4;;;4.2;;;;;;;;;;;;;;;;;;;;;;;3.7;;;;;;;;5;;;;;;;;;;;;;;;;;;;;;;
168;Ivory Coast;;;;;;;;;;;;;;;;;;;;;;;;;;;;;;;;;;;;;;;;;;;;;;;;;;;;;;;;;;;;;;;;;;;;;;;;4.3;;;;;;;;
169;San Marino;;;;4.3;;;;;3.9;;;;;;1.2;;;4.3;;3.1;;4.8;0.9;;;;;;;;;;;;;;;;;;;;;;;;;;;;;;;;;;4.5;;4.6;;;;;;;;;;;;;;;;;;;;;
170;Cuba;2.3;;;;;;;;;;;;;;;;;;;;;;;;;;;;;;;;;;;;;;;;;;;;;;;;;;;;;;;;;;;;;;;;;;;;;;;;;;;;;;;
171;Norfolk Island;1.8;4.35;;;3.9;;4.2;;4.2;3.7476;;4.0833;;;;;;4.3;4.1;;;;;;;;3.9;3.8;;4.3;;;;3.8;;3.7;;3.5;;;;;;;;;;;;;;;;;;;;;;;;;;;;;;;;;;;;;;;;;;
172;French Guiana;;;;;;;;;;4.2;;3.15;;;;;;4.8;;;;;;;;;;;;;;;;;;1.6;;;;;;;;;;;;;;;;4.6;;;;;;;;;;;;;;;;;;4.9;;;;3.1;;;;5;;
173;Botswana;4.5333;;;;;;;;;;;;;;;;;;;;;1.7;4.2;;;4.2;;;;;;;;;;;;;;4.45;;;;;;;;;;;;;;;;;;;;;;;;;;;;;;;;;;;3.3;;;;;
174;Papua New Guinea;5;;;;;;;;;;;;;;;;;;;;;;;;;;;;;;;;;;;;;;;;;;;;;;;;;;;;;;;;;;;;;;;;;;;;;;;;;;;;;;;
175;Mongolia;3.95;;;;;;;;;;;;;;;;;;;;;;;;;;;;;;;;;;;;;;;;;;;;;;;;;;;;;;;;;;;;;;;;;;;;;;;;;;;;;;;
176;Kenya;1.375;;;;;;;;;;;;;;;;;;;;3.8;;;;;;;;;;;;;3.1;;;;;;;;;;;;;;;;;;;;;;2.4;;;;;;;;;3;;;;;;;;;;;;;;;
177;Jordan;4.2;;;;;;;;4.1;5;;;;;;;;;;3.7;;0.5;;;;;;;;;;;;;;;;;;;;;;;;4.7;2.25;;;;;;;;;;;;;;;;;;;;;;;;;;;;;;;;;
178;Montserrat;0.9;;4.4;;;;;;;4.25;;;;4.2;;;;3.5667;;;;;;;;;;;;;;;;;;;;3.6;;;;;;;;;;;;4.2;;;;;;;;;;;4.3;1;;;;;;;;;;;;5;;;;;;
179;Syria;3;;;;;;;;;;;;;;;;;;;;;;;;;;;;;;;;;;;;;;;;;;;;;;;;;;;;4.05;;;;;;;;;;;;;;;;;;;;;;;;;;;
180;Morocco;3.1;;;;;;;;2.5;3.4;;;;;;3.4;3.1;3;;4.4;;;;;;;3.7;;;4.1;;;;;;;;;3.4;;;;;;;;;;;;;;;;;;;;;;;;;;;;;;;;;;;;;;;;;
181;Burkina Faso;;;;;;;;;;;;;;;;;;;;;;2.45;;;;;;;;;;;;;;;;;;;;;;;;;;;;;;;;;;;;;;;;;;;;;;;;;;;;;;;;;;
182;Albania;2.1;;;;;;;;;;;;;;;;;;;;;;;;;;;;;;;;;;;;;3.9;;;;5;;;;;;;;;;;1;;;;;;;;;;;;;;;;;;;;;;;;;;;
183;Sudan;;;;;;;;;;;;;;;4.1;;;;;;;;;;;4.3;;;;;;;;;;;;3.7;;;;;;;;;;;;;;;;;;;;;;;;;;;;;;;;;;;;;;;;;;
184;Kosovo;;;;;;;;;;;;;;;;;;;;;;3;;;;;;;;;;;;;;;;5;;;;;;;;;;;;;;;;;;;;;;;;;;;;;;;;;;;;;;;;;;
185;Palestine;4.5;4.8;;;;;;;;;;;;;;;;;;;;4.6;;;;;4.5;;;;;;;;;;;1;;;;;;;;;;;;;;;2.5;;;5;;;;;;;;;;;;;;;;;;0.9;;;;;;
186;Oman;1.35;;;;;;;;;;;;;;;;;;;;;;3.35;;2.2;;;;;;;;;;;4;;3.8;;;;;;;2.55;;;;;3.5;;;;;;;;;4;;;;;;;;;;;;;;;;;;;;;
187;Liechtenstein;2.15;;;;;4.1;;;;;;;;;;;;;;;;;;;;;;;;;;;;;;;;;;;;;;;;;;;;;;;;;;1.7;;;;;;;;;;;;;3.4;;;;;;;;;;;
188;Zimbabwe;2.2;;;;;;;;;;;;;;;;;;;;;;;;;3.8;;;;;;;;;;;;;;;;;;;;;;;;;;;;;;;;;;;;;;;4.55;;;;;;;;;;;;;;;
189;Barbados;4.2;;4.2;;;;;;;;;;;;;;;;;;;;;;;4.9;;;;;;;;;;;;;;;;;;;;;;;;;;;;;;;;;;;;;;;;;;;;;;;;;;;;;;
190;Egypt;3.3333;;;;;;;;;;;;;;;;;;5;;;;;;;;;;;;;;;;;;;;;;;;;;2.7;;;;;;;;;;;;;;;;;;;;;;;;;;;;;;;;;;;
191;Tunisia;4.4;;;;;;;;;3.4;;;;;;;;;;;;;;;;;;;;;;;;;;;;;;;;;;;;;;;;;;;;;;;;;;;;;;;;;;;;;;;;;;;;;;
192;Lesotho;;;;;;;;;;;;;;;;;;;;;;;;;;4.6;;;;;;;;;;;;;;;;;;;;;;;;;;;;;;;;;;;;;;;;;;;;;;;;;;;;;;
193;East Timor;4.5;;;0.8;;;;;;;;;;;;;;;;;;;;;;;;;;;;;;;;;;;;;;;;;;;;;;;;;;;;;;;;;;;;;;;;;;;;;;;;;;;;
194;Vanuatu;5;;;;;;0.5;;;;;;;;;;;;;;;;;;;;;;;;;;;;;;;;;;;;;;;;;;;;;;;;;;;;;;;;;;;;;;;;;;;;;;;;;
195;Belize;2.1667;3.6;;;;;;;;;;;;;;;;;;;;;;;;;;;;;;;;;;4.7;;;;;;;;;;;;;;;;;;;;;;;;;;;;;;;;;;;;;;;;;;;;
196;Falkland Islands;;;;;;;;;;3.8;;;;;;;;;;;;;;;;;;;;;;;;;;;;;;;;;;;;;;;;;;;;;;;;;;;;;;;;;;;;;;;;;;;;;;
197;Kyrgyzstan;;;;;;;;;;;;;;;;;;;;;;;;;;;;;;;;;;;;;;;;;;;;;;;;;;;;;;;;;;;;;;;;;;4;;;;;;;;;;;;;;
198;Hawaii;;;;;;;;;;;;;;;;;;;;;;;;;;;;;;;;;;4.1;;;;;;;;;;;;;;;;;;;;;;3.7;;;;;;;;;;;;;;;;;;;;;;;;
199;Nagorno-Karabakh;;;;;;;;;;;;;;;;;;;;;;1.5;;;;;;;;;;;;;;;;;;;;;;;;;;;;;;;;;;;;;;;;;;;;;;;;;;;;;;;;;;
200;Fiji Islands;3.35;;;;;;;;;;;;;;;;;;;;;;;;;3.4;;;;;;;;;;;;;;;;;;;;;;;;;;;;;;;;;;;;;;;;;;;;;;;;;;;;;;
201;Iraq;;;;;;;;;;4.9;;;;;;;;;;;;3.7;;;;3;;;;;;;;;;;;;;;;;;;;;;;;;;;;;;;;;;;;;;;;;;;;;;;;;;;;;;
202;Zambia;5;;;;;;;;;;;;;;;;;;;;;;;;;;;;;;;;;;;;;;;;;;;;;;;;;3.9;;;;;;;;;;;;;;;;;;;;;;;;;;;;;;
203;Uzbekistan;;;;;;;;;;;;;;;;;;;;4.9;;;;;;;4.1;;;;;;;;;;;;;;;;;;;;;;3.1;;;;;;;;;;;;;;;;;;;;;;;;;;;;;;;
204;Uganda;1;;3.7;;;;;;3.5;;;;0.5;;;;;;;2.5;;;;;;4.3;;;;;;;;;;;;;;;;;;;;;;;4;;;;;;;;;;;;;;;;;;;;;;;;;;;;;;;
205;Sint Maarten;;;;;;;;;;;;;;;;;;;4.8;;;;;;;;;;;;;;;;;4.3;;;;;;;;;;;;;;;;;;;;;;;;;;;;;;;;;;;;;;;;;;;;
206;Ghana;2.55;;;;;;;;;;4.2;;;;;;;4.9;;;;;;;;;;;;;;;;;;;;;;;;;;;;;;;;;;;;;;;;;;;;;;;;;;;;;;;;;;;;;;
207;Tuvalu;;;;;;;;;;3.9;;;;;;;;;;;;;;;;;;;;;;;;;;;;;;;;;;;;;;;;;;;;;;;;;;;;;;;;;;;;;;;;;;;;;;
208;Nicaragua;5;;;;;;;;;;;;;;;;;;;;;;;;;;;;;;;;;;;;;;;;;;;;;;;;;;;;;;;;;;;;;;;;;;;;;;;;;;;;;;;
209;Vatican City;5;;4.6;;;;;;;;;;;;;;;;;;;;;;;;;;;;;;;;;;;;;;;;;;;;;;;;;;;;;;;;;;;;;;;;;;;;;;;;4.4;;;;;
210;American Samoa;5;;;;;;;;;;;;;;;;;;;;;;;;;;;;;;;;;;;;;;;;;;;;;;;;;;;;;;;;;;;;;;;;;;;;;;;;;;;;;;;
211;Macau;;;;;3.4;;;;;;;;;;;;;3.7;;;;;;;;;;;;;;;;;;;;;;;;;;;;;;;;;;;;;;;;;;;;;;;;;;;;;;;;;;;;;;
212;Bahamas;1.8;;4.9;3.6;;;;;;;;;;;;;;;;;;;;;;;;;;;;;;;;3.7;;;;;;;;;;;;;;;;;;;;;;;;;;;;;;4.9;;;;;;;;;;;;;;
213;Tajikistan;;;;;;;;;;;;;;;;;;;;;;;;;;4.9;;;;;;;;;;;;;;;;;;;;;;;;;;;;;;;;;;;;;;;;;;;;;;;;;;;;;;
214;Iran;;;;;;;;;;;;;;;;;;;;;;;;;;;;;;;;;;;;;1.4;;;;;;;;;;;;;;;;;;;;;;;;;;;;;;;;;;;;;;;;;;;
215;Jamaica;;;;;;;;;;;;;;;;;;;4;;;;;;;;;;;;;;;;;;;;;;;;;;;;;;;;;;;;;;;;;;;;;;;;;;;;;;;;;;;;;
216;Haiti;;;;;;;;;;;;;;;;;;;;;;;;;;;;;;;;;;;5;;;;;;;;;;;;;;;;;;;;;;;;;;;;;;;;;;;;;;;;;;;;;
217;Saint Vincent and The Grenadines;;;;;;;;3.2;;;;;;;;;;;;;;;;;;;;;;;;;;;;;;;;;;;;;;;;;;;;;;;;;;;;;;;;;;;;;;;;;;;;;;;;
218;Saint Lucia;;;3.8;;;;;;;;;;;;;;;;;;;;;;;;;;;;;;;;;;;;;;;;;;;;;;;;;;;;;;;;;;;;;;;;;;;;;;;;;;;;;
219;Micronesia;;;;;;;;2;;;;;;;;;;;;;;;;;;;;;;;;;;;;;;;;;;;;;;;;;;;;;;;;;;;;;;;;;;;;;;;;;;;;;;;;
220;Virgin Islands (British);;;;;;;;;;;;;;;;;;;;;;;;;;;;;;;;;;;;;;;;;;;;;;;;;;;;;;;;;;;;;;;;;5;;;;;;;;;;;;;;;
221;Yemen;;0.5;;;;;;;;;;;;;;;;;;;0.6;;;;;;;;;;;;;;;;;;;;;;;;;;;;;;;;;;;;;;;;;;;;;;;;;;;;;;;;;;;
222;Tibet;;;;;;;;;;;;;;;;;;;;;;;;;;;;;;;;;;;;;;;;;;;;;;;;;;;;;;;;;;;;;;;;;;;;;;;;;;5;;;;;;
